ID_CURSO,ID_CENTRO,ID_SEXO,ID_RACA,ID_TURNO,IN_ACAO_AFIRMATIVA,IN_APOIO_SOCIAL,IN_APOIO_ALIMENTACAO,IN_APOIO_MORADIA,IN_APOIO_TRANSPORTE,IN_APOIO_MATERIAL_DIDATICO,IN_APOIO_BOLSA_PERMANENCIA,IN_APOIO_BOLSA_TRABALHO,TOTAL_ALUNOS,RECEBE_AUXILIO,IDPNA,TOTAL_IDPNA
14088,,1,3,1,1,0,0,0,0,0,0,0,11,0,1,11
14088,,1,3,1,0,0,0,0,0,0,0,0,12,0,0,0
14088,,2,3,1,1,0,0,0,0,0,0,0,6,0,1,6
14088,,2,1,1,1,0,0,0,0,0,0,0,2,0,1,2
14088,,2,3,1,0,0,0,0,0,0,0,0,11,0,0,0
14088,,1,1,1,0,0,0,0,0,0,0,0,23,0,0,0
14088,,1,1,1,1,0,0,0,0,0,0,0,11,0,1,11
14088,,1,2,1,1,0,0,0,0,0,0,0,9,0,1,9
14088,,2,1,1,0,0,0,0,0,0,0,0,11,0,0,0
14088,,1,0,1,0,0,0,0,0,0,0,0,4,0,0,0
14089,,2,3,4,1,0,0,0,0,0,0,0,14,0,1,14
14089,,2,1,4,0,0,0,0,0,0,0,0,25,0,0,0
14089,,2,1,4,1,0,0,0,0,0,0,0,6,0,1,6
14089,,1,2,3,0,0,0,0,0,0,0,0,2,0,0,0
14089,,2,3,4,0,0,0,0,0,0,0,0,7,0,0,0
14089,,2,1,3,1,0,0,0,0,0,0,0,8,0,1,8
14089,,1,2,3,1,0,0,0,0,0,0,0,13,0,1,13
14089,,2,2,4,0,0,0,0,0,0,0,0,4,0,0,0
14089,,2,2,3,0,0,0,0,0,0,0,0,2,0,0,0
14089,,1,1,4,0,0,0,0,0,0,0,0,38,0,0,0
14089,,1,3,3,0,0,0,0,0,0,0,0,9,0,0,0
14089,,1,3,3,1,0,0,0,0,0,0,0,22,0,1,22
14089,,2,1,3,0,0,0,0,0,0,0,0,10,0,0,0
14089,,1,1,3,0,0,0,0,0,0,0,0,20,0,0,0
14089,,1,3,4,0,0,0,0,0,0,0,0,16,0,0,0
14089,,1,2,4,1,0,0,0,0,0,0,0,8,0,1,8
14089,,1,3,4,1,0,0,0,0,0,0,0,31,0,1,31
14089,,1,0,4,0,0,0,0,0,0,0,0,2,0,0,0
14089,,1,1,3,1,0,0,0,0,0,0,0,13,0,1,13
14089,,1,0,3,0,0,0,0,0,0,0,0,3,0,0,0
14089,,1,1,4,1,0,0,0,0,0,0,0,14,0,1,14
14089,,2,3,3,0,0,0,0,0,0,0,0,6,0,0,0
14089,,2,2,4,1,0,0,0,0,0,0,0,2,0,1,2
14089,,2,3,3,1,0,0,0,0,0,0,0,10,0,1,10
14089,,1,0,3,1,0,0,0,0,0,0,0,2,0,1,2
14091,,1,3,4,1,0,0,0,0,0,0,0,33,0,1,33
14091,,1,4,4,0,0,0,0,0,0,0,0,4,0,0,0
14091,,2,3,4,0,0,0,0,0,0,0,0,9,0,0,0
14091,,1,0,4,1,0,0,0,0,0,0,0,2,0,1,2
14091,,1,2,4,0,0,0,0,0,0,0,0,5,0,0,0
14091,,2,1,4,0,0,0,0,0,0,0,0,8,0,0,0
14091,,1,1,4,1,0,0,0,0,0,0,0,31,0,1,31
14091,,1,3,4,0,1,0,1,0,0,0,0,3,1,0,0
14091,,1,0,4,0,0,0,0,0,0,0,0,6,0,0,0
14091,,2,1,4,1,0,0,0,0,0,0,0,4,0,1,4
14091,,2,3,4,1,0,0,0,0,0,0,0,7,0,1,7
14091,,1,1,4,0,0,0,0,0,0,0,0,72,0,0,0
14091,,2,5,4,1,1,0,0,0,0,1,0,3,1,0,0
14091,,2,2,4,0,0,0,0,0,0,0,0,3,0,0,0
14091,,2,2,4,1,0,0,0,0,0,0,0,5,0,1,5
14091,,1,3,4,1,1,0,1,0,0,0,0,2,1,0,0
14091,,1,2,4,1,0,0,0,0,0,0,0,12,0,1,12
14091,,1,2,4,1,1,0,0,0,1,0,0,3,1,0,0
14091,,1,3,4,1,1,0,0,0,1,0,0,4,1,0,0
14091,,2,3,4,1,1,0,0,0,1,0,0,3,1,0,0
14091,,1,2,4,1,1,0,0,0,0,1,0,4,1,0,0
14091,,1,3,4,0,0,0,0,0,0,0,0,31,0,0,0
14092,,2,3,4,1,0,0,0,0,0,0,0,26,0,1,26
14092,,1,1,4,1,1,0,0,0,1,0,0,3,1,0,0
14092,,2,1,4,0,0,0,0,0,0,0,0,38,0,0,0
14092,,1,4,4,0,0,0,0,0,0,0,0,3,0,0,0
14092,,2,3,4,0,1,0,0,0,1,0,0,2,1,0,0
14092,,1,3,4,1,1,0,1,0,0,0,0,4,1,0,0
14092,,1,0,4,0,0,0,0,0,0,0,0,6,0,0,0
14092,,2,1,4,1,0,0,0,0,0,0,0,25,0,1,25
14092,,1,1,4,1,0,0,0,0,0,0,0,41,0,1,41
14092,,1,2,4,1,0,0,0,0,0,0,0,13,0,1,13
14092,,2,2,4,1,0,0,0,0,0,0,0,12,0,1,12
14092,,1,5,4,1,1,0,0,0,0,1,0,5,1,0,0
14092,,2,3,4,1,1,0,0,0,1,0,0,4,1,0,0
14092,,1,1,4,0,0,0,0,0,0,0,0,119,0,0,0
14092,,1,3,4,1,1,0,0,0,0,1,0,5,1,0,0
14092,,2,3,4,0,0,0,0,0,0,0,0,21,0,0,0
14092,,1,2,4,0,0,0,0,0,0,0,0,10,0,0,0
14092,,1,2,4,1,1,0,0,0,1,0,0,2,1,0,0
14092,,1,3,4,0,0,0,0,0,0,0,0,50,0,0,0
14092,,1,2,4,1,1,0,0,0,0,1,0,4,1,0,0
14092,,2,2,4,0,0,0,0,0,0,0,0,3,0,0,0
14092,,1,3,4,1,1,0,0,0,1,0,0,5,1,0,0
14092,,2,0,4,0,0,0,0,0,0,0,0,2,0,0,0
14092,,2,3,4,1,1,0,1,0,0,0,0,4,1,0,0
14092,,1,3,4,1,0,0,0,0,0,0,0,58,0,1,58
14092,,2,0,4,1,0,0,0,0,0,0,0,2,0,1,2
14092,,2,1,4,1,1,0,0,0,1,0,0,2,1,0,0
14093,,1,1,4,1,0,0,0,0,0,0,0,46,0,1,46
14093,,1,3,4,1,1,0,1,0,0,0,0,8,1,0,0
14093,,1,0,4,0,0,0,0,0,0,0,0,3,0,0,0
14093,,2,3,4,1,0,0,0,0,0,0,0,73,0,1,73
14093,,2,3,4,1,1,0,1,0,0,0,0,9,1,0,0
14093,,1,2,4,1,0,0,0,0,0,0,0,8,0,1,8
14093,,2,3,4,1,1,0,1,0,0,1,0,2,1,0,0
14093,,1,3,4,1,0,0,0,0,0,0,0,69,0,1,69
14093,,1,1,4,0,0,0,0,0,0,0,0,95,0,0,0
14093,,1,3,4,0,0,0,0,0,0,0,0,32,0,0,0
14093,,2,2,4,1,1,0,0,0,1,0,0,2,1,0,0
14093,,2,1,4,1,0,0,0,0,0,0,0,50,0,1,50
14093,,2,2,4,1,0,0,0,0,0,0,0,11,0,1,11
14093,,1,2,4,1,1,0,0,0,1,0,0,3,1,0,0
14093,,1,0,4,1,0,0,0,0,0,0,0,3,0,1,3
14093,,2,3,4,1,1,0,0,0,0,1,0,3,1,0,0
14093,,2,2,4,0,0,0,0,0,0,0,0,5,0,0,0
14093,,2,1,4,1,1,0,0,0,1,0,0,4,1,0,0
14093,,2,5,4,1,1,0,0,0,0,1,0,2,1,0,0
14093,,2,3,4,0,0,0,0,0,0,0,0,56,0,0,0
14093,,2,0,4,0,0,0,0,0,0,0,0,6,0,0,0
14093,,2,4,4,0,0,0,0,0,0,0,0,6,0,0,0
14093,,2,1,4,0,0,0,0,0,0,0,0,174,0,0,0
14093,,2,3,4,1,1,0,0,0,1,0,0,3,1,0,0
14093,,1,3,4,1,1,0,0,0,1,0,0,4,1,0,0
14093,,1,1,4,1,1,0,1,0,0,0,0,2,1,0,0
14093,,1,4,4,0,0,0,0,0,0,0,0,2,0,0,0
14094,,2,2,4,0,0,0,0,0,0,0,0,3,0,0,0
14094,,2,4,4,0,0,0,0,0,0,0,0,3,0,0,0
14094,,1,3,4,0,0,0,0,0,0,0,0,51,0,0,0
14094,,1,2,4,1,1,0,0,0,1,0,0,6,1,0,0
14094,,1,2,4,1,0,0,0,0,0,0,0,23,0,1,23
14094,,1,2,4,0,0,0,0,0,0,0,0,2,0,0,0
14094,,1,3,4,1,1,0,0,0,1,0,0,2,1,0,0
14094,,1,2,4,1,1,0,0,0,0,1,0,2,1,0,0
14094,,2,1,4,1,1,0,0,0,1,0,0,2,1,0,0
14094,,1,1,4,0,0,0,0,0,0,0,0,166,0,0,0
14094,,1,0,4,0,0,0,0,0,0,0,0,5,0,0,0
14094,,1,1,4,1,1,0,1,0,0,0,0,2,1,0,0
14094,,2,2,4,1,1,0,0,0,0,1,0,3,1,0,0
14094,,1,1,4,1,1,0,0,0,1,0,0,8,1,0,0
14094,,2,3,4,0,0,0,0,0,0,0,0,31,0,0,0
14094,,2,5,4,1,1,0,0,0,0,1,0,4,1,0,0
14094,,2,2,4,1,0,0,0,0,0,0,0,4,0,1,4
14094,,2,1,4,0,0,0,0,0,0,0,0,63,0,0,0
14094,,1,3,4,1,1,0,1,0,0,0,0,8,1,0,0
14094,,1,4,4,0,0,0,0,0,0,0,0,3,0,0,0
14094,,1,5,4,1,0,0,0,0,0,0,0,2,0,1,2
14094,,1,1,4,1,0,0,0,0,0,0,0,67,0,1,67
14094,,1,3,4,1,0,0,0,0,0,0,0,89,0,1,89
14094,,1,5,4,1,1,0,0,0,0,1,0,3,1,0,0
14094,,2,2,4,1,1,0,1,0,0,0,0,2,1,0,0
14094,,2,1,4,1,0,0,0,0,0,0,0,29,0,1,29
14094,,2,3,4,1,0,0,0,0,0,0,0,35,0,1,35
14094,,1,2,4,1,1,0,1,0,0,0,0,2,1,0,0
14094,,2,5,4,1,0,0,0,0,0,0,0,2,0,1,2
14095,,1,2,4,1,1,0,0,0,1,0,0,4,1,0,0
14095,,1,1,1,0,0,0,0,0,0,0,0,70,0,0,0
14095,,2,2,4,0,0,0,0,0,0,0,0,3,0,0,0
14095,,1,4,4,0,0,0,0,0,0,0,0,2,0,0,0
14095,,2,3,4,0,0,0,0,0,0,0,0,4,0,0,0
14095,,2,2,4,1,0,0,0,0,0,0,0,4,0,1,4
14095,,1,1,4,0,0,0,0,0,0,0,0,52,0,0,0
14095,,2,1,1,1,0,0,0,0,0,0,0,8,0,1,8
14095,,2,3,1,1,0,0,0,0,0,0,0,6,0,1,6
14095,,2,2,1,1,0,0,0,0,0,0,0,2,0,1,2
14095,,1,1,1,1,0,0,0,0,0,0,0,20,0,1,20
14095,,1,3,1,1,0,0,0,0,0,0,0,39,0,1,39
14095,,1,2,1,1,0,0,0,0,0,0,0,2,0,1,2
14095,,1,3,1,1,1,0,0,0,1,0,0,2,1,0,0
14095,,1,1,4,1,1,0,0,0,1,0,0,4,1,0,0
14095,,1,3,1,1,1,0,0,0,1,1,0,2,1,0,0
14095,,1,0,4,0,0,0,0,0,0,0,0,3,0,0,0
14095,,2,5,4,1,1,0,0,0,0,1,0,2,1,0,0
14095,,1,2,1,0,0,0,0,0,0,0,0,4,0,0,0
14095,,2,1,4,1,0,0,0,0,0,0,0,3,0,1,3
14095,,1,3,4,1,0,0,0,0,0,0,0,29,0,1,29
14095,,1,2,4,1,0,0,0,0,0,0,0,8,0,1,8
14095,,1,3,1,0,0,0,0,0,0,0,0,22,0,0,0
14095,,1,3,4,1,1,0,0,0,0,1,0,3,1,0,0
14095,,1,1,4,1,0,0,0,0,0,0,0,14,0,1,14
14095,,1,3,4,1,1,0,0,0,1,0,0,3,1,0,0
14095,,2,3,4,1,0,0,0,0,0,0,0,7,0,1,7
14095,,2,1,1,0,0,0,0,0,0,0,0,25,0,0,0
14095,,1,3,4,0,0,0,0,0,0,0,0,24,0,0,0
14095,,1,2,1,1,1,0,0,0,0,1,0,4,1,0,0
14095,,1,0,4,1,0,0,0,0,0,0,0,2,0,1,2
14095,,2,1,4,0,0,0,0,0,0,0,0,15,0,0,0
14095,,1,4,1,1,0,0,0,0,0,0,0,2,0,1,2
14095,,2,3,1,0,0,0,0,0,0,0,0,2,0,0,0
14096,,2,3,4,1,0,0,0,0,0,0,0,18,0,1,18
14096,,1,3,4,0,0,0,0,0,0,0,0,28,0,0,0
14096,,2,0,4,0,0,0,0,0,0,0,0,2,0,0,0
14096,,1,2,4,1,0,0,0,0,0,0,0,7,0,1,7
14096,,2,1,4,1,1,0,1,0,0,0,0,3,1,0,0
14096,,2,4,4,0,0,0,0,0,0,0,0,2,0,0,0
14096,,1,3,4,1,1,0,1,0,0,0,0,3,1,0,0
14096,,1,1,4,1,0,0,0,0,0,0,0,24,0,1,24
14096,,1,1,4,0,1,0,0,0,1,0,0,2,1,0,0
14096,,1,0,4,0,0,0,0,0,0,0,0,3,0,0,0
14096,,2,2,4,0,0,0,0,0,0,0,0,3,0,0,0
14096,,2,3,4,1,1,0,0,0,1,0,0,2,1,0,0
14096,,1,3,4,1,1,0,0,0,0,1,0,2,1,0,0
14096,,1,3,4,1,0,0,0,0,0,0,0,31,0,1,31
14096,,2,1,4,0,0,0,0,0,0,0,0,31,0,0,0
14096,,2,3,4,0,0,0,0,0,0,0,0,13,0,0,0
14096,,2,1,4,1,0,0,0,0,0,0,0,9,0,1,9
14096,,1,4,4,0,0,0,0,0,0,0,0,2,0,0,0
14096,,1,3,4,1,1,0,0,0,1,0,0,3,1,0,0
14096,,1,2,4,0,0,0,0,0,0,0,0,3,0,0,0
14096,,1,5,4,1,1,0,0,0,0,1,0,2,1,0,0
14096,,2,2,4,1,0,0,0,0,0,0,0,6,0,1,6
14096,,1,1,4,0,0,0,0,0,0,0,0,57,0,0,0
14097,,2,1,4,0,1,0,1,0,0,0,0,2,1,0,0
14097,,2,1,4,1,0,0,0,0,0,0,0,73,0,1,73
14097,,2,1,4,0,0,0,0,0,0,0,0,224,0,0,0
14097,,1,3,4,1,1,0,0,0,1,0,0,11,1,0,0
14097,,2,4,4,0,0,0,0,0,0,0,0,4,0,0,0
14097,,2,1,4,1,1,0,0,0,1,0,0,2,1,0,0
14097,,2,2,4,1,1,0,0,0,1,0,0,2,1,0,0
14097,,1,1,4,0,1,0,0,0,1,0,0,2,1,0,0
14097,,2,3,4,1,1,0,0,0,1,0,0,6,1,0,0
14097,,2,2,4,0,1,0,1,0,0,0,0,2,1,0,0
14097,,1,1,4,1,1,0,1,0,0,0,0,2,1,0,0
14097,,1,4,4,1,0,0,0,0,0,0,0,2,0,1,2
14097,,1,5,4,1,1,0,0,0,0,1,0,2,1,0,0
14097,,1,3,4,1,0,0,0,0,0,0,0,92,0,1,92
14097,,2,0,4,0,0,0,0,0,0,0,0,8,0,0,0
14097,,1,1,4,1,0,0,0,0,0,0,0,47,0,1,47
14097,,2,2,4,1,1,0,0,0,0,1,0,4,1,0,0
14097,,1,3,4,0,0,0,0,0,0,0,0,45,0,0,0
14097,,2,2,4,0,0,0,0,0,0,0,0,18,0,0,0
14097,,1,2,4,1,1,0,0,0,0,1,0,3,1,0,0
14097,,1,0,4,0,0,0,0,0,0,0,0,8,0,0,0
14097,,2,2,4,1,0,0,0,0,0,0,0,15,0,1,15
14097,,2,3,4,1,1,0,1,0,0,0,0,7,1,0,0
14097,,1,2,4,1,0,0,0,0,0,0,0,13,0,1,13
14097,,2,4,4,1,0,0,0,0,0,0,0,2,0,1,2
14097,,1,3,4,1,1,0,1,0,0,0,0,3,1,0,0
14097,,1,0,4,1,0,0,0,0,0,0,0,3,0,1,3
14097,,1,3,4,0,1,0,1,0,0,0,0,2,1,0,0
14097,,1,2,4,1,1,0,0,0,1,0,0,4,1,0,0
14097,,2,3,4,1,0,0,0,0,0,0,0,84,0,1,84
14097,,1,1,4,0,0,0,0,0,0,0,0,76,0,0,0
14097,,2,1,4,1,1,0,1,0,0,0,0,2,1,0,0
14097,,1,1,4,1,1,0,0,0,1,1,0,2,1,0,0
14097,,1,2,4,0,1,0,0,0,0,1,0,2,1,0,0
14097,,1,1,4,1,1,0,0,0,1,0,0,4,1,0,0
14097,,1,2,4,0,0,0,0,0,0,0,0,9,0,0,0
14097,,2,0,4,1,0,0,0,0,0,0,0,4,0,1,4
14097,,2,3,4,0,0,0,0,0,0,0,0,111,0,0,0
14097,,1,3,4,1,1,0,0,0,0,1,0,5,1,0,0
14097,,1,3,4,0,1,0,0,0,1,0,0,2,1,0,0
14098,,1,1,4,0,0,0,0,0,0,0,0,30,0,0,0
14098,,1,0,4,0,0,0,0,0,0,0,0,2,0,0,0
14098,,2,3,4,1,1,0,0,0,1,0,0,3,1,0,0
14098,,1,3,4,1,0,0,0,0,0,0,0,9,0,1,9
14098,,2,0,4,1,0,0,0,0,0,0,0,5,0,1,5
14098,,1,3,4,0,0,0,0,0,0,0,0,9,0,0,0
14098,,2,0,4,0,0,0,0,0,0,0,0,9,0,0,0
14098,,2,2,4,1,0,0,0,0,0,0,0,22,0,1,22
14098,,1,2,4,1,0,0,0,0,0,0,0,5,0,1,5
14098,,2,1,4,1,0,0,0,0,0,0,0,63,0,1,63
14098,,1,4,4,0,0,0,0,0,0,0,0,2,0,0,0
14098,,2,3,4,1,0,0,0,0,0,0,0,97,0,1,97
14098,,2,3,4,0,0,0,0,0,0,0,0,71,0,0,0
14098,,1,1,4,1,0,0,0,0,0,0,0,6,0,1,6
14098,,2,3,4,1,1,0,1,0,0,0,0,4,1,0,0
14098,,2,1,4,0,0,0,0,0,0,0,0,183,0,0,0
14098,,2,2,4,0,0,0,0,0,0,0,0,4,0,0,0
14098,,2,3,4,1,1,0,0,0,0,1,0,3,1,0,0
14099,,1,3,4,0,0,0,0,0,0,0,0,18,0,0,0
14099,,1,0,4,1,0,0,0,0,0,0,0,4,0,1,4
14099,,2,0,4,0,0,0,0,0,0,0,0,3,0,0,0
14099,,1,3,4,1,0,0,0,0,0,0,0,29,0,1,29
14099,,1,1,4,1,0,0,0,0,0,0,0,24,0,1,24
14099,,2,3,4,1,1,0,0,0,1,0,0,4,1,0,0
14099,,2,1,4,0,0,0,0,0,0,0,0,151,0,0,0
14099,,1,2,4,1,0,0,0,0,0,0,0,17,0,1,17
14099,,2,3,4,0,0,0,0,0,0,0,0,67,0,0,0
14099,,2,0,4,1,0,0,0,0,0,0,0,2,0,1,2
14099,,2,2,4,1,1,0,1,0,0,0,0,2,1,0,0
14099,,1,0,4,0,0,0,0,0,0,0,0,2,0,0,0
14099,,2,3,4,1,0,0,0,0,0,0,0,67,0,1,67
14099,,2,1,4,1,0,0,0,0,0,0,0,37,0,1,37
14099,,2,2,4,1,0,0,0,0,0,0,0,14,0,1,14
14099,,2,2,4,0,0,0,0,0,0,0,0,6,0,0,0
14099,,1,2,4,0,0,0,0,0,0,0,0,4,0,0,0
14099,,2,3,4,1,1,0,0,0,0,1,0,2,1,0,0
14099,,2,5,4,1,1,0,0,0,0,1,0,2,1,0,0
14099,,1,1,4,0,0,0,0,0,0,0,0,43,0,0,0
14099,,1,3,4,1,1,0,0,0,1,0,0,4,1,0,0
14099,,2,4,4,0,0,0,0,0,0,0,0,5,0,0,0
14099,,2,1,4,1,1,0,0,0,1,0,0,4,1,0,0
14099,,2,3,4,1,1,0,1,0,0,0,0,4,1,0,0
14100,,1,3,4,0,0,0,0,0,0,0,0,17,0,0,0
14100,,1,1,4,0,0,0,0,0,0,0,0,28,0,0,0
14100,,1,3,4,1,0,0,0,0,0,0,0,21,0,1,21
14100,,1,2,4,0,0,0,0,0,0,0,0,4,0,0,0
14100,,2,2,4,1,0,0,0,0,0,0,0,19,0,1,19
14100,,1,1,4,1,0,0,0,0,0,0,0,9,0,1,9
14100,,2,2,4,1,1,0,1,0,0,0,0,2,1,0,0
14100,,2,1,4,0,0,0,0,0,0,0,0,138,0,0,0
14100,,2,0,4,1,0,0,0,0,0,0,0,3,0,1,3
14100,,2,3,4,0,0,0,0,0,0,0,0,72,0,0,0
14100,,1,0,4,0,0,0,0,0,0,0,0,2,0,0,0
14100,,2,1,4,1,0,0,0,0,0,0,0,50,0,1,50
14100,,2,2,4,0,0,0,0,0,0,0,0,13,0,0,0
14100,,2,3,4,1,0,0,0,0,0,0,0,81,0,1,81
14100,,2,4,4,0,0,0,0,0,0,0,0,4,0,0,0
14100,,1,3,4,1,1,0,0,0,1,0,0,4,1,0,0
14100,,2,0,4,0,0,0,0,0,0,0,0,16,0,0,0
14100,,2,3,4,1,1,0,0,0,0,1,0,3,1,0,0
14100,,1,2,4,1,0,0,0,0,0,0,0,2,0,1,2
14100,,2,3,4,1,1,0,0,0,1,0,0,5,1,0,0
14102,,2,3,3,1,0,0,0,0,0,0,0,22,0,1,22
14102,,2,2,3,0,0,0,0,0,0,0,0,5,0,0,0
14102,,2,2,3,1,0,0,0,0,0,0,0,4,0,1,4
14102,,1,1,3,1,0,0,0,0,0,0,0,10,0,1,10
14102,,2,3,3,0,0,0,0,0,0,0,0,24,0,0,0
14102,,1,3,3,0,0,0,0,0,0,0,0,14,0,0,0
14102,,1,3,3,1,0,0,0,0,0,0,0,20,0,1,20
14102,,1,3,3,1,1,0,0,0,1,0,0,2,1,0,0
14102,,1,3,1,1,0,0,0,0,0,0,0,9,0,1,9
14102,,1,2,1,1,1,0,0,0,0,1,0,2,1,0,0
14102,,2,1,1,0,0,0,0,0,0,0,0,17,0,0,0
14102,,2,0,1,0,0,0,0,0,0,0,0,4,0,0,0
14102,,2,2,1,1,0,0,0,0,0,0,0,2,0,1,2
14102,,1,2,1,1,0,0,0,0,0,0,0,6,0,1,6
14102,,1,0,1,0,0,0,0,0,0,0,0,2,0,0,0
14102,,1,3,1,1,1,0,0,0,1,0,0,2,1,0,0
14102,,1,3,1,0,0,0,0,0,0,0,0,9,0,0,0
14102,,2,4,3,0,0,0,0,0,0,0,0,2,0,0,0
14102,,2,1,1,1,0,0,0,0,0,0,0,10,0,1,10
14102,,2,5,1,1,1,0,0,0,0,1,0,2,1,0,0
14102,,2,3,3,1,1,0,1,0,0,0,0,2,1,0,0
14102,,1,2,1,0,0,0,0,0,0,0,0,4,0,0,0
14102,,1,1,1,0,0,0,0,0,0,0,0,14,0,0,0
14102,,1,1,1,1,0,0,0,0,0,0,0,7,0,1,7
14102,,2,0,3,0,0,0,0,0,0,0,0,3,0,0,0
14102,,1,2,3,0,0,0,0,0,0,0,0,4,0,0,0
14102,,1,2,3,1,0,0,0,0,0,0,0,6,0,1,6
14102,,2,2,1,0,0,0,0,0,0,0,0,5,0,0,0
14102,,2,3,1,0,0,0,0,0,0,0,0,13,0,0,0
14102,,2,1,3,1,0,0,0,0,0,0,0,16,0,1,16
14102,,2,1,3,0,0,0,0,0,0,0,0,32,0,0,0
14102,,2,3,1,1,0,0,0,0,0,0,0,16,0,1,16
14102,,1,1,3,0,0,0,0,0,0,0,0,14,0,0,0
14103,,1,1,2,0,0,0,0,0,0,0,0,3,0,0,0
14103,,2,3,2,0,0,0,0,0,0,0,0,3,0,0,0
14103,,1,3,2,0,0,0,0,0,0,0,0,2,0,0,0
14103,,2,1,2,1,0,0,0,0,0,0,0,2,0,1,2
14103,,2,1,2,0,0,0,0,0,0,0,0,9,0,0,0
14104,,2,1,1,0,0,0,0,0,0,0,0,21,0,0,0
14104,,1,0,1,0,0,0,0,0,0,0,0,3,0,0,0
14104,,1,2,1,1,0,0,0,0,0,0,0,5,0,1,5
14104,,1,2,1,1,1,0,0,0,1,0,0,2,1,0,0
14104,,1,3,1,1,1,0,0,0,0,1,0,3,1,0,0
14104,,1,2,1,0,0,0,0,0,0,0,0,4,0,0,0
14104,,1,3,1,0,0,0,0,0,0,0,0,26,0,0,0
14104,,2,2,1,0,0,0,0,0,0,0,0,2,0,0,0
14104,,1,1,1,1,0,0,0,0,0,0,0,28,0,1,28
14104,,2,3,1,0,0,0,0,0,0,0,0,9,0,0,0
14104,,1,1,1,0,0,0,0,0,0,0,0,40,0,0,0
14104,,2,3,1,1,0,0,0,0,0,0,0,5,0,1,5
14104,,2,1,1,1,0,0,0,0,0,0,0,2,0,1,2
14104,,1,3,1,1,0,0,0,0,0,0,0,25,0,1,25
14104,,2,2,1,1,0,0,0,0,0,0,0,5,0,1,5
14105,,1,2,1,0,0,0,0,0,0,0,0,6,0,0,0
14105,,2,3,1,1,0,0,0,0,0,0,0,7,0,1,7
14105,,2,0,1,0,0,0,0,0,0,0,0,2,0,0,0
14105,,1,3,1,1,0,0,0,0,0,0,0,8,0,1,8
14105,,1,3,1,1,1,0,0,0,1,0,0,2,1,0,0
14105,,1,3,1,0,0,0,0,0,0,0,0,10,0,0,0
14105,,2,3,1,0,0,0,0,0,0,0,0,7,0,0,0
14105,,2,1,1,0,0,0,0,0,0,0,0,10,0,0,0
14105,,2,2,1,1,0,0,0,0,0,0,0,4,0,1,4
14105,,1,1,1,1,0,0,0,0,0,0,0,7,0,1,7
14105,,2,1,1,1,0,0,0,0,0,0,0,3,0,1,3
14105,,1,2,1,1,0,0,0,0,0,0,0,6,0,1,6
14105,,1,1,1,0,0,0,0,0,0,0,0,13,0,0,0
14106,,1,2,1,0,0,0,0,0,0,0,0,4,0,0,0
14106,,2,1,1,1,1,0,1,0,0,0,0,3,1,0,0
14106,,2,1,1,1,1,0,0,0,1,0,0,2,1,0,0
14106,,1,1,1,0,0,0,0,0,0,0,0,66,0,0,0
14106,,2,3,1,1,1,0,1,0,0,0,0,3,1,0,0
14106,,2,1,1,0,0,0,0,0,0,0,0,35,0,0,0
14106,,1,3,1,1,0,0,0,0,0,0,0,27,0,1,27
14106,,2,2,1,0,0,0,0,0,0,0,0,3,0,0,0
14106,,1,3,1,0,0,0,0,0,0,0,0,16,0,0,0
14106,,2,5,1,1,1,0,0,0,0,1,0,2,1,0,0
14106,,1,0,1,1,0,0,0,0,0,0,0,2,0,1,2
14106,,2,2,1,1,0,0,0,0,0,0,0,11,0,1,11
14106,,2,3,1,1,1,0,0,0,1,0,0,2,1,0,0
14106,,2,1,1,1,0,0,0,0,0,0,0,9,0,1,9
14106,,1,3,1,1,1,0,0,0,1,0,0,3,1,0,0
14106,,1,2,1,1,0,0,0,0,0,0,0,12,0,1,12
14106,,2,3,1,0,0,0,0,0,0,0,0,6,0,0,0
14106,,2,3,1,1,0,0,0,0,0,0,0,15,0,1,15
14106,,1,1,1,1,0,0,0,0,0,0,0,15,0,1,15
14108,,2,1,1,0,0,0,0,0,0,0,0,18,0,0,0
14108,,1,1,1,0,0,0,0,0,0,0,0,64,0,0,0
14108,,1,3,1,1,0,0,0,0,0,0,0,40,0,1,40
14108,,1,3,1,0,0,0,0,0,0,0,0,24,0,0,0
14108,,1,2,1,0,0,0,0,0,0,0,0,9,0,0,0
14108,,1,2,1,1,0,0,0,0,0,0,0,13,0,1,13
14108,,1,1,1,1,0,0,0,0,0,0,0,18,0,1,18
14108,,2,1,1,1,0,0,0,0,0,0,0,8,0,1,8
14108,,2,2,1,1,0,0,0,0,0,0,0,6,0,1,6
14108,,2,3,1,1,1,0,1,0,0,0,0,2,1,0,0
14108,,2,2,1,0,0,0,0,0,0,0,0,6,0,0,0
14108,,2,3,1,0,0,0,0,0,0,0,0,10,0,0,0
14108,,2,3,1,1,1,0,0,0,1,0,0,2,1,0,0
14108,,1,4,1,1,0,0,0,0,0,0,0,2,0,1,2
14108,,1,1,1,1,1,0,0,0,1,0,0,2,1,0,0
14108,,2,3,1,1,0,0,0,0,0,0,0,13,0,1,13
14108,,1,3,1,1,1,0,0,0,1,0,0,2,1,0,0
14109,,2,2,3,1,0,0,0,0,0,0,0,11,0,1,11
14109,,1,3,1,0,0,0,0,0,0,0,0,20,0,0,0
14109,,1,2,1,1,1,0,0,0,0,1,0,3,1,0,0
14109,,2,3,1,0,0,0,0,0,0,0,0,20,0,0,0
14109,,2,3,3,0,0,0,0,0,0,0,0,27,0,0,0
14109,,2,1,3,1,0,0,0,0,0,0,0,16,0,1,16
14109,,1,1,3,1,0,0,0,0,0,0,0,21,0,1,21
14109,,2,1,1,1,1,0,1,0,0,0,0,2,1,0,0
14109,,1,0,1,0,0,0,0,0,0,0,0,2,0,0,0
14109,,2,2,1,1,0,0,0,0,0,0,0,7,0,1,7
14109,,1,2,1,0,0,0,0,0,0,0,0,4,0,0,0
14109,,1,3,3,0,0,0,0,0,0,0,0,15,0,0,0
14109,,2,3,3,1,0,0,0,0,0,0,0,43,0,1,43
14109,,1,1,1,0,0,0,0,0,0,0,0,87,0,0,0
14109,,2,3,1,1,0,0,0,0,0,0,0,25,0,1,25
14109,,1,2,3,1,0,0,0,0,0,0,0,10,0,1,10
14109,,1,3,3,1,1,0,0,0,1,0,0,3,1,0,0
14109,,2,3,1,1,1,0,0,0,1,0,0,5,1,0,0
14109,,1,3,1,1,0,0,0,0,0,0,0,44,0,1,44
14109,,1,1,3,0,0,0,0,0,0,0,0,63,0,0,0
14109,,2,2,1,0,0,0,0,0,0,0,0,4,0,0,0
14109,,2,1,3,0,0,0,0,0,0,0,0,74,0,0,0
14109,,2,1,1,1,0,0,0,0,0,0,0,23,0,1,23
14109,,1,5,1,1,1,0,0,0,0,1,0,2,1,0,0
14109,,1,3,1,1,1,0,0,0,0,1,0,3,1,0,0
14109,,2,5,3,1,1,0,0,0,0,1,0,2,1,0,0
14109,,1,0,3,0,0,0,0,0,0,0,0,4,0,0,0
14109,,1,1,1,1,0,0,0,0,0,0,0,23,0,1,23
14109,,2,1,1,0,0,0,0,0,0,0,0,59,0,0,0
14109,,1,3,3,1,0,0,0,0,0,0,0,29,0,1,29
14109,,2,5,1,1,1,0,0,0,0,1,0,2,1,0,0
14109,,2,0,3,0,0,0,0,0,0,0,0,3,0,0,0
14109,,1,2,1,1,0,0,0,0,0,0,0,5,0,1,5
14110,,2,3,1,0,0,0,0,0,0,0,0,6,0,0,0
14110,,1,2,1,0,0,0,0,0,0,0,0,2,0,0,0
14110,,2,3,1,1,1,0,0,0,1,0,0,2,1,0,0
14110,,2,2,1,1,0,0,0,0,0,0,0,2,0,1,2
14110,,1,3,1,1,0,0,0,0,0,0,0,2,0,1,2
14110,,2,1,1,0,0,0,0,0,0,0,0,7,0,0,0
14110,,1,3,1,0,0,0,0,0,0,0,0,4,0,0,0
14110,,1,2,1,1,0,0,0,0,0,0,0,2,0,1,2
14110,,1,1,1,0,0,0,0,0,0,0,0,9,0,0,0
14110,,2,1,1,1,0,0,0,0,0,0,0,4,0,1,4
14110,,1,1,1,1,1,0,1,0,0,0,0,3,1,0,0
14110,,2,3,1,1,0,0,0,0,0,0,0,3,0,1,3
14112,,1,1,1,0,0,0,0,0,0,0,0,2,0,0,0
14112,,1,3,3,0,0,0,0,0,0,0,0,2,0,0,0
14123,,2,2,1,1,0,0,0,0,0,0,0,6,0,1,6
14123,,2,2,2,1,0,0,0,0,0,0,0,4,0,1,4
14123,,1,3,1,0,0,0,0,0,0,0,0,6,0,0,0
14123,,1,2,1,1,0,0,0,0,0,0,0,3,0,1,3
14123,,1,2,1,0,0,0,0,0,0,0,0,4,0,0,0
14123,,1,3,4,0,0,0,0,0,0,0,0,6,0,0,0
14123,,2,1,1,0,0,0,0,0,0,0,0,12,0,0,0
14123,,1,3,2,0,0,0,0,0,0,0,0,2,0,0,0
14123,,2,3,4,0,0,0,0,0,0,0,0,5,0,0,0
14123,,1,1,1,1,0,0,0,0,0,0,0,3,0,1,3
14123,,2,0,1,0,0,0,0,0,0,0,0,2,0,0,0
14123,,2,2,2,0,0,0,0,0,0,0,0,2,0,0,0
14123,,1,3,2,1,1,0,0,0,1,0,0,2,1,0,0
14123,,2,3,2,1,0,0,0,0,0,0,0,14,0,1,14
14123,,2,3,2,0,0,0,0,0,0,0,0,10,0,0,0
14123,,2,1,1,1,0,0,0,0,0,0,0,4,0,1,4
14123,,1,1,2,1,0,0,0,0,0,0,0,3,0,1,3
14123,,1,3,1,1,0,0,0,0,0,0,0,5,0,1,5
14123,,1,3,2,1,0,0,0,0,0,0,0,4,0,1,4
14123,,1,1,1,0,0,0,0,0,0,0,0,9,0,0,0
14123,,2,1,4,0,0,0,0,0,0,0,0,2,0,0,0
14123,,1,3,2,1,1,0,1,0,0,0,0,2,1,0,0
14123,,2,3,4,1,0,0,0,0,0,0,0,4,0,1,4
14123,,2,5,1,1,1,0,0,0,0,1,0,2,1,0,0
14123,,2,3,1,1,0,0,0,0,0,0,0,13,0,1,13
14123,,2,3,1,0,0,0,0,0,0,0,0,11,0,0,0
14123,,2,1,2,0,0,0,0,0,0,0,0,15,0,0,0
14123,,2,2,1,0,0,0,0,0,0,0,0,2,0,0,0
14123,,1,1,2,0,0,0,0,0,0,0,0,5,0,0,0
14123,,2,1,2,1,0,0,0,0,0,0,0,7,0,1,7
14123,,1,1,4,0,0,0,0,0,0,0,0,2,0,0,0
14136,,1,1,3,1,0,0,0,0,0,0,0,15,0,1,15
14136,,1,3,3,1,1,0,0,0,1,0,0,2,1,0,0
14136,,1,1,3,0,0,0,0,0,0,0,0,55,0,0,0
14136,,2,3,3,0,0,0,0,0,0,0,0,4,0,0,0
14136,,1,3,3,1,1,0,0,0,1,1,0,3,1,0,0
14136,,1,3,3,1,0,0,0,0,0,0,0,19,0,1,19
14136,,1,2,3,1,0,0,0,0,0,0,0,14,0,1,14
14136,,1,0,3,0,0,0,0,0,0,0,0,4,0,0,0
14136,,2,1,3,1,0,0,0,0,0,0,0,4,0,1,4
14136,,2,1,3,0,0,0,0,0,0,0,0,2,0,0,0
14136,,1,1,3,1,1,0,1,0,0,0,0,2,1,0,0
14136,,1,2,3,1,1,0,0,0,0,1,0,2,1,0,0
14136,,2,3,3,1,0,0,0,0,0,0,0,5,0,1,5
14136,,1,3,3,0,0,0,0,0,0,0,0,13,0,0,0
18952,,2,3,1,0,0,0,0,0,0,0,0,18,0,0,0
18952,,1,3,3,1,0,0,0,0,0,0,0,3,0,1,3
18952,,2,3,4,0,0,0,0,0,0,0,0,31,0,0,0
18952,,1,1,3,0,0,0,0,0,0,0,0,3,0,0,0
18952,,1,3,1,0,0,0,0,0,0,0,0,4,0,0,0
18952,,2,1,1,1,0,0,0,0,0,0,0,7,0,1,7
18952,,2,1,3,1,0,0,0,0,0,0,0,6,0,1,6
18952,,2,2,1,0,0,0,0,0,0,0,0,3,0,0,0
18952,,2,1,4,1,0,0,0,0,0,0,0,42,0,1,42
18952,,1,1,3,1,0,0,0,0,0,0,0,3,0,1,3
18952,,2,2,4,0,0,0,0,0,0,0,0,2,0,0,0
18952,,2,0,4,1,0,0,0,0,0,0,0,2,0,1,2
18952,,2,2,4,1,1,0,1,0,0,0,0,2,1,0,0
18952,,2,3,4,1,1,0,1,0,0,0,0,2,1,0,0
18952,,2,3,3,1,0,0,0,0,0,0,0,21,0,1,21
18952,,2,5,3,1,1,0,0,0,0,1,0,2,1,0,0
18952,,1,3,4,0,0,0,0,0,0,0,0,7,0,0,0
18952,,2,2,1,1,0,0,0,0,0,0,0,2,0,1,2
18952,,2,2,4,1,0,0,0,0,0,0,0,15,0,1,15
18952,,1,2,1,1,0,0,0,0,0,0,0,3,0,1,3
18952,,1,2,4,1,0,0,0,0,0,0,0,5,0,1,5
18952,,2,3,4,1,1,0,0,0,0,1,0,2,1,0,0
18952,,2,1,3,0,0,0,0,0,0,0,0,29,0,0,0
18952,,2,3,4,1,0,0,0,0,0,0,0,48,0,1,48
18952,,2,3,1,1,0,0,0,0,0,0,0,23,0,1,23
18952,,2,4,1,0,0,0,0,0,0,0,0,2,0,0,0
18952,,1,1,4,0,0,0,0,0,0,0,0,10,0,0,0
18952,,1,3,1,1,0,0,0,0,0,0,0,3,0,1,3
18952,,2,3,4,1,1,0,0,0,1,0,0,2,1,0,0
18952,,1,3,4,1,0,0,0,0,0,0,0,8,0,1,8
18952,,1,1,4,1,0,0,0,0,0,0,0,3,0,1,3
18952,,1,1,1,1,0,0,0,0,0,0,0,3,0,1,3
18952,,2,1,1,0,0,0,0,0,0,0,0,42,0,0,0
18952,,1,3,3,0,0,0,0,0,0,0,0,4,0,0,0
18952,,2,0,4,0,0,0,0,0,0,0,0,3,0,0,0
18952,,2,1,4,0,0,0,0,0,0,0,0,93,0,0,0
18952,,2,0,1,0,0,0,0,0,0,0,0,3,0,0,0
18952,,2,3,3,0,0,0,0,0,0,0,0,27,0,0,0
18952,,1,1,1,0,0,0,0,0,0,0,0,4,0,0,0
18952,,2,0,3,0,0,0,0,0,0,0,0,3,0,0,0
18952,,2,4,4,0,0,0,0,0,0,0,0,3,0,0,0
18953,,1,2,2,1,0,0,0,0,0,0,0,11,0,1,11
18953,,2,3,2,0,0,0,0,0,0,0,0,14,0,0,0
18953,,2,0,2,0,0,0,0,0,0,0,0,3,0,0,0
18953,,1,3,2,1,0,0,0,0,0,0,0,27,0,1,27
18953,,1,2,2,0,0,0,0,0,0,0,0,5,0,0,0
18953,,2,2,2,0,0,0,0,0,0,0,0,6,0,0,0
18953,,2,1,2,0,0,0,0,0,0,0,0,41,0,0,0
18953,,1,3,2,1,1,0,1,0,0,0,0,3,1,0,0
18953,,1,0,2,0,0,0,0,0,0,0,0,3,0,0,0
18953,,1,3,2,1,1,0,0,0,1,0,0,3,1,0,0
18953,,1,3,2,1,1,0,0,0,0,1,0,2,1,0,0
18953,,2,1,2,1,0,0,0,0,0,0,0,12,0,1,12
18953,,1,0,2,1,0,0,0,0,0,0,0,2,0,1,2
18953,,1,1,2,0,0,0,0,0,0,0,0,74,0,0,0
18953,,2,3,2,1,0,0,0,0,0,0,0,24,0,1,24
18953,,2,2,2,1,0,0,0,0,0,0,0,8,0,1,8
18953,,1,1,2,1,0,0,0,0,0,0,0,15,0,1,15
18953,,1,3,2,0,0,0,0,0,0,0,0,21,0,0,0
18953,,2,5,2,1,1,0,0,0,0,1,0,2,1,0,0
20809,,1,3,4,0,0,0,0,0,0,0,0,50,0,0,0
20809,,1,2,4,1,0,0,0,0,0,0,0,13,0,1,13
20809,,2,2,4,0,0,0,0,0,0,0,0,4,0,0,0
20809,,1,1,4,1,0,0,0,0,0,0,0,33,0,1,33
20809,,1,1,4,1,1,0,0,0,1,0,0,2,1,0,0
20809,,2,4,4,1,0,0,0,0,0,0,0,2,0,1,2
20809,,2,1,4,1,0,0,0,0,0,0,0,10,0,1,10
20809,,2,3,4,1,1,0,1,0,0,0,0,2,1,0,0
20809,,2,1,4,0,0,0,0,0,0,0,0,35,0,0,0
20809,,1,2,4,0,0,0,0,0,0,0,0,6,0,0,0
20809,,2,2,4,1,0,0,0,0,0,0,0,5,0,1,5
20809,,2,3,4,0,0,0,0,0,0,0,0,23,0,0,0
20809,,2,3,4,1,0,0,0,0,0,0,0,14,0,1,14
20809,,1,3,4,1,1,0,0,0,1,0,0,4,1,0,0
20809,,1,4,4,0,0,0,0,0,0,0,0,7,0,0,0
20809,,1,2,4,0,1,0,0,0,1,0,0,2,1,0,0
20809,,1,1,4,0,0,0,0,0,0,0,0,65,0,0,0
20809,,1,0,4,0,0,0,0,0,0,0,0,2,0,0,0
20809,,1,3,4,1,0,0,0,0,0,0,0,39,0,1,39
20809,,1,3,4,1,1,0,0,0,0,1,0,2,1,0,0
20809,,2,4,4,0,0,0,0,0,0,0,0,3,0,0,0
20809,,1,2,4,1,1,0,1,0,0,0,0,2,1,0,0
21989,,1,3,2,1,0,0,0,0,0,0,0,7,0,1,7
21989,,2,1,2,1,0,0,0,0,0,0,0,7,0,1,7
21989,,2,2,2,1,0,0,0,0,0,0,0,9,0,1,9
21989,,2,1,2,0,0,0,0,0,0,0,0,15,0,0,0
21989,,1,3,2,0,0,0,0,0,0,0,0,10,0,0,0
21989,,1,2,2,0,0,0,0,0,0,0,0,3,0,0,0
21989,,2,3,2,1,0,0,0,0,0,0,0,10,0,1,10
21989,,1,2,2,1,0,0,0,0,0,0,0,3,0,1,3
21989,,1,2,2,1,1,0,1,0,0,0,0,2,1,0,0
21989,,1,1,2,1,1,0,0,0,1,0,0,3,1,0,0
21989,,1,1,2,1,0,0,0,0,0,0,0,13,0,1,13
21989,,1,1,2,0,0,0,0,0,0,0,0,30,0,0,0
21989,,2,2,2,0,0,0,0,0,0,0,0,2,0,0,0
21989,,2,3,2,0,0,0,0,0,0,0,0,5,0,0,0
21990,,1,1,1,1,0,0,0,0,0,0,0,18,0,1,18
21990,,2,3,1,1,0,0,0,0,0,0,0,9,0,1,9
21990,,2,3,1,0,0,0,0,0,0,0,0,9,0,0,0
21990,,2,1,1,0,0,0,0,0,0,0,0,11,0,0,0
21990,,1,3,1,0,0,0,0,0,0,0,0,14,0,0,0
21990,,1,5,1,1,1,0,0,0,0,1,0,3,1,0,0
21990,,2,3,1,0,1,0,0,0,1,0,0,2,1,0,0
21990,,1,0,1,0,0,0,0,0,0,0,0,4,0,0,0
21990,,1,2,1,1,0,0,0,0,0,0,0,7,0,1,7
21990,,2,2,1,0,0,0,0,0,0,0,0,2,0,0,0
21990,,1,1,1,0,0,0,0,0,0,0,0,38,0,0,0
21990,,1,3,1,1,0,0,0,0,0,0,0,13,0,1,13
21990,,2,1,1,1,0,0,0,0,0,0,0,4,0,1,4
21990,,2,3,1,1,1,0,1,0,0,0,0,3,1,0,0
21990,,2,1,1,1,1,0,0,0,1,0,0,2,1,0,0
21990,,1,3,1,1,1,0,0,0,1,0,0,3,1,0,0
21990,,2,2,1,1,0,0,0,0,0,0,0,2,0,1,2
21990,,2,0,1,0,0,0,0,0,0,0,0,3,0,0,0
21990,,1,1,1,0,1,0,0,0,1,0,0,2,1,0,0
21992,,1,1,1,1,0,0,0,0,0,0,0,38,0,1,38
21992,,1,3,1,1,0,0,0,0,0,0,0,52,0,1,52
21992,,1,2,1,0,0,0,0,0,0,0,0,7,0,0,0
21992,,2,1,1,0,0,0,0,0,0,0,0,8,0,0,0
21992,,2,2,3,0,0,0,0,0,0,0,0,3,0,0,0
21992,,1,3,3,1,0,0,0,0,0,0,0,45,0,1,45
21992,,1,2,1,1,0,0,0,0,0,0,0,18,0,1,18
21992,,2,1,1,1,0,0,0,0,0,0,0,4,0,1,4
21992,,1,3,1,0,0,0,0,0,0,0,0,66,0,0,0
21992,,2,3,3,0,0,0,0,0,0,0,0,3,0,0,0
21992,,1,2,1,1,1,0,0,0,1,1,0,2,1,0,0
21992,,2,3,1,1,0,0,0,0,0,0,0,3,0,1,3
21992,,2,3,3,1,0,0,0,0,0,0,0,16,0,1,16
21992,,1,3,3,1,1,0,0,0,0,1,0,3,1,0,0
21992,,1,4,3,0,0,0,0,0,0,0,0,6,0,0,0
21992,,2,2,1,1,0,0,0,0,0,0,0,2,0,1,2
21992,,1,1,3,0,0,0,0,0,0,0,0,73,0,0,0
21992,,1,1,1,1,1,0,0,0,1,0,0,3,1,0,0
21992,,1,3,3,0,0,0,0,0,0,0,0,52,0,0,0
21992,,2,3,1,0,0,0,0,0,0,0,0,5,0,0,0
21992,,1,2,3,0,0,0,0,0,0,0,0,9,0,0,0
21992,,1,1,3,1,0,0,0,0,0,0,0,29,0,1,29
21992,,2,1,3,1,0,0,0,0,0,0,0,10,0,1,10
21992,,1,0,1,1,0,0,0,0,0,0,0,3,0,1,3
21992,,1,2,3,1,1,0,0,0,0,1,0,4,1,0,0
21992,,1,3,1,1,1,0,0,0,0,1,0,2,1,0,0
21992,,1,3,3,1,1,0,0,0,1,0,0,4,1,0,0
21992,,1,4,1,0,0,0,0,0,0,0,0,2,0,0,0
21992,,1,0,3,0,0,0,0,0,0,0,0,5,0,0,0
21992,,1,3,1,1,1,0,0,0,1,0,0,7,1,0,0
21992,,2,1,3,0,0,0,0,0,0,0,0,8,0,0,0
21992,,1,1,1,0,0,0,0,0,0,0,0,87,0,0,0
21992,,1,4,3,1,0,0,0,0,0,0,0,2,0,1,2
21992,,1,2,3,1,0,0,0,0,0,0,0,23,0,1,23
21992,,1,5,1,1,1,0,0,0,0,1,0,3,1,0,0
21992,,1,3,1,1,1,0,1,0,0,0,0,2,1,0,0
27673,,2,1,3,1,0,0,0,0,0,0,0,27,0,1,27
27673,,1,3,3,1,0,0,0,0,0,0,0,30,0,1,30
27673,,2,1,3,1,1,1,0,0,0,0,0,2,1,0,0
27673,,2,1,3,1,1,0,0,0,0,1,0,2,1,0,0
27673,,1,2,3,1,1,1,1,0,0,0,0,2,1,0,0
27673,,2,2,3,1,0,0,0,0,0,0,0,10,0,1,10
27673,,2,2,3,1,1,1,0,0,1,0,0,2,1,0,0
27673,,1,3,3,1,1,1,1,0,0,0,0,5,1,0,0
27673,,1,1,3,1,1,1,0,0,0,0,0,2,1,0,0
27673,,2,3,3,1,1,1,0,0,0,0,0,2,1,0,0
27673,,1,1,3,1,1,1,0,0,1,0,0,3,1,0,0
27673,,2,1,3,1,1,1,1,0,0,0,0,2,1,0,0
27673,,2,2,3,0,0,0,0,0,0,0,0,5,0,0,0
27673,,1,3,3,1,1,1,1,0,1,0,0,2,1,0,0
27673,,1,2,3,1,0,0,0,0,0,0,0,5,0,1,5
27673,,2,1,3,0,0,0,0,0,0,0,0,42,0,0,0
27673,,1,2,3,0,0,0,0,0,0,0,0,2,0,0,0
27673,,1,1,3,1,1,1,0,0,1,1,0,2,1,0,0
27673,,2,3,3,1,1,0,0,0,1,0,0,2,1,0,0
27673,,1,1,3,0,0,0,0,0,0,0,0,47,0,0,0
27673,,2,3,3,1,1,1,1,0,0,0,0,3,1,0,0
27673,,1,3,3,0,0,0,0,0,0,0,0,12,0,0,0
27673,,1,0,3,0,0,0,0,0,0,0,0,2,0,0,0
27673,,1,1,3,1,0,0,0,0,0,0,0,19,0,1,19
27673,,2,3,3,0,0,0,0,0,0,0,0,18,0,0,0
27673,,2,3,3,1,1,1,0,0,0,1,0,2,1,0,0
27673,,1,1,3,1,1,1,1,0,0,0,0,2,1,0,0
27673,,2,3,3,1,0,0,0,0,0,0,0,18,0,1,18
27673,,1,1,3,1,1,0,0,0,1,0,0,2,1,0,0
27673,,1,3,3,1,1,1,0,0,1,0,0,4,1,0,0
27673,,2,3,3,0,1,1,1,0,0,0,0,2,1,0,0
39903,,1,3,1,1,0,0,0,0,0,0,0,17,0,1,17
39903,,2,3,1,1,1,0,0,0,1,0,0,2,1,0,0
39903,,1,3,1,0,0,0,0,0,0,0,0,11,0,0,0
39903,,1,1,1,1,0,0,0,0,0,0,0,12,0,1,12
39903,,1,2,1,1,0,0,0,0,0,0,0,6,0,1,6
39903,,1,3,1,1,1,0,0,0,1,0,0,2,1,0,0
39903,,1,4,1,0,0,0,0,0,0,0,0,2,0,0,0
39903,,2,1,1,0,0,0,0,0,0,0,0,21,0,0,0
39903,,2,3,1,1,1,0,1,0,0,0,0,2,1,0,0
39903,,1,1,1,0,0,0,0,0,0,0,0,40,0,0,0
39903,,2,2,1,1,0,0,0,0,0,0,0,8,0,1,8
39903,,2,1,1,1,0,0,0,0,0,0,0,12,0,1,12
39903,,2,3,1,1,0,0,0,0,0,0,0,10,0,1,10
39903,,2,3,1,0,0,0,0,0,0,0,0,9,0,0,0
40178,,2,3,4,0,0,0,0,0,0,0,0,3,0,0,0
40180,,2,1,4,0,0,0,0,0,0,0,0,2,0,0,0
40180,,2,3,4,0,0,0,0,0,0,0,0,2,0,0,0
40180,,2,0,4,0,0,0,0,0,0,0,0,2,0,0,0
40182,,1,1,4,0,0,0,0,0,0,0,0,3,0,0,0
40182,,2,3,4,0,0,0,0,0,0,0,0,3,0,0,0
40182,,2,1,4,1,0,0,0,0,0,0,0,3,0,1,3
40183,,2,3,4,0,0,0,0,0,0,0,0,12,0,0,0
40183,,2,3,4,1,0,0,0,0,0,0,0,7,0,1,7
40183,,2,2,4,0,0,0,0,0,0,0,0,4,0,0,0
40183,,1,1,4,1,0,0,0,0,0,0,0,2,0,1,2
40183,,1,3,4,0,0,0,0,0,0,0,0,3,0,0,0
40183,,2,0,4,0,0,0,0,0,0,0,0,4,0,0,0
40183,,1,2,4,1,0,0,0,0,0,0,0,2,0,1,2
40183,,1,1,4,0,0,0,0,0,0,0,0,6,0,0,0
40183,,1,3,4,1,0,0,0,0,0,0,0,2,0,1,2
40183,,2,1,4,0,0,0,0,0,0,0,0,18,0,0,0
40183,,2,1,4,1,0,0,0,0,0,0,0,6,0,1,6
44485,,2,3,2,0,0,0,0,0,0,0,0,5,0,0,0
44485,,2,3,1,0,0,0,0,0,0,0,0,7,0,0,0
44485,,1,3,1,0,0,0,0,0,0,0,0,18,0,0,0
44485,,1,3,2,0,1,0,0,0,1,0,0,2,1,0,0
44485,,2,2,1,0,0,0,0,0,0,0,0,2,0,0,0
44485,,1,2,1,0,0,0,0,0,0,0,0,2,0,0,0
44485,,2,3,1,1,0,0,0,0,0,0,0,14,0,1,14
44485,,1,3,2,1,1,0,0,0,0,1,0,4,1,0,0
44485,,1,4,1,0,0,0,0,0,0,0,0,2,0,0,0
44485,,1,1,2,0,0,0,0,0,0,0,0,60,0,0,0
44485,,2,1,2,0,0,0,0,0,0,0,0,23,0,0,0
44485,,1,1,1,1,0,0,0,0,0,0,0,14,0,1,14
44485,,2,3,2,1,0,0,0,0,0,0,0,9,0,1,9
44485,,1,0,2,0,0,0,0,0,0,0,0,6,0,0,0
44485,,1,3,2,1,1,0,1,0,0,0,0,2,1,0,0
44485,,2,1,2,1,0,0,0,0,0,0,0,3,0,1,3
44485,,1,3,2,1,0,0,0,0,0,0,0,26,0,1,26
44485,,1,2,1,1,0,0,0,0,0,0,0,8,0,1,8
44485,,1,3,1,1,1,0,0,0,1,0,0,3,1,0,0
44485,,1,2,2,1,0,0,0,0,0,0,0,11,0,1,11
44485,,1,2,1,1,1,0,0,0,1,0,0,5,1,0,0
44485,,1,2,2,1,1,0,0,0,0,1,0,3,1,0,0
44485,,1,1,2,1,0,0,0,0,0,0,0,21,0,1,21
44485,,2,1,1,0,0,0,0,0,0,0,0,18,0,0,0
44485,,1,0,1,0,0,0,0,0,0,0,0,6,0,0,0
44485,,2,3,2,1,1,0,0,0,1,0,0,2,1,0,0
44485,,1,3,2,1,1,0,0,0,1,0,0,5,1,0,0
44485,,2,2,1,1,0,0,0,0,0,0,0,6,0,1,6
44485,,1,3,2,0,0,0,0,0,0,0,0,22,0,0,0
44485,,1,2,2,0,0,0,0,0,0,0,0,4,0,0,0
44485,,2,1,1,1,0,0,0,0,0,0,0,7,0,1,7
44485,,1,1,1,0,0,0,0,0,0,0,0,61,0,0,0
44485,,1,3,1,1,0,0,0,0,0,0,0,23,0,1,23
44485,,1,2,1,1,1,0,0,0,0,1,0,2,1,0,0
44485,,2,1,1,0,1,0,0,0,1,0,0,2,1,0,0
74345,,1,2,4,1,0,0,0,0,0,0,0,10,0,1,10
74345,,1,3,4,1,1,0,0,0,1,0,0,3,1,0,0
74345,,2,3,4,0,0,0,0,0,0,0,0,9,0,0,0
74345,,1,2,4,0,0,0,0,0,0,0,0,2,0,0,0
74345,,2,1,4,1,0,0,0,0,0,0,0,9,0,1,9
74345,,1,0,4,1,0,0,0,0,0,0,0,3,0,1,3
74345,,2,3,4,1,1,0,0,0,0,1,0,2,1,0,0
74345,,1,3,4,1,1,0,1,0,0,0,0,2,1,0,0
74345,,1,1,4,0,0,0,0,0,0,0,0,65,0,0,0
74345,,2,1,4,0,0,0,0,0,0,0,0,18,0,0,0
74345,,1,1,4,1,1,0,0,0,1,0,0,2,1,0,0
74345,,2,3,4,1,1,0,1,0,0,0,0,2,1,0,0
74345,,2,2,4,1,0,0,0,0,0,0,0,2,0,1,2
74345,,1,3,4,0,0,0,0,0,0,0,0,22,0,0,0
74345,,1,1,4,1,0,0,0,0,0,0,0,31,0,1,31
74345,,2,2,4,1,1,0,1,0,0,0,0,2,1,0,0
74345,,1,2,4,1,1,0,1,0,0,1,0,2,1,0,0
74345,,1,0,4,0,0,0,0,0,0,0,0,4,0,0,0
74345,,1,3,4,1,0,0,0,0,0,0,0,38,0,1,38
74345,,2,3,4,1,0,0,0,0,0,0,0,23,0,1,23
74345,,1,2,4,1,1,0,0,0,0,1,0,4,1,0,0
80638,,1,3,3,0,0,0,0,0,0,0,0,6,0,0,0
80638,,2,3,3,0,0,0,0,0,0,0,0,39,0,0,0
80638,,2,1,3,0,0,0,0,0,0,0,0,67,0,0,0
80638,,1,3,1,1,0,0,0,0,0,0,0,13,0,1,13
80638,,1,2,3,1,1,0,0,0,0,1,0,2,1,0,0
80638,,2,2,1,1,0,0,0,0,0,0,0,9,0,1,9
80638,,2,3,1,1,0,0,0,0,0,0,0,16,0,1,16
80638,,1,2,3,0,0,0,0,0,0,0,0,2,0,0,0
80638,,1,1,3,0,0,0,0,0,0,0,0,13,0,0,0
80638,,2,1,1,1,0,0,0,0,0,0,0,11,0,1,11
80638,,2,3,3,1,1,0,1,0,0,0,0,3,1,0,0
80638,,1,3,3,1,0,0,0,0,0,0,0,19,0,1,19
80638,,2,2,3,0,0,0,0,0,0,0,0,8,0,0,0
80638,,2,1,1,0,0,0,0,0,0,0,0,46,0,0,0
80638,,2,1,3,1,0,0,0,0,0,0,0,26,0,1,26
80638,,2,3,3,1,0,0,0,0,0,0,0,33,0,1,33
80638,,1,1,1,1,0,0,0,0,0,0,0,6,0,1,6
80638,,2,2,1,0,0,0,0,0,0,0,0,3,0,0,0
80638,,2,4,3,0,0,0,0,0,0,0,0,2,0,0,0
80638,,1,2,1,0,0,0,0,0,0,0,0,3,0,0,0
80638,,1,3,1,0,0,0,0,0,0,0,0,9,0,0,0
80638,,1,1,3,1,0,0,0,0,0,0,0,6,0,1,6
80638,,1,2,3,1,0,0,0,0,0,0,0,10,0,1,10
80638,,2,2,1,1,1,0,1,0,0,0,0,2,1,0,0
80638,,2,2,3,1,0,0,0,0,0,0,0,7,0,1,7
80638,,1,2,1,1,0,0,0,0,0,0,0,11,0,1,11
80638,,1,1,1,0,0,0,0,0,0,0,0,15,0,0,0
80638,,2,3,1,0,0,0,0,0,0,0,0,23,0,0,0
80638,,1,3,3,1,1,0,0,0,1,0,0,2,1,0,0
86444,,2,1,1,1,0,0,0,0,0,0,0,5,0,1,5
86444,,2,3,1,0,0,0,0,0,0,0,0,3,0,0,0
86444,,2,1,1,0,0,0,0,0,0,0,0,8,0,0,0
86444,,1,1,1,1,0,0,0,0,0,0,0,10,0,1,10
86444,,1,2,1,0,0,0,0,0,0,0,0,2,0,0,0
86444,,1,1,1,0,0,0,0,0,0,0,0,14,0,0,0
86444,,2,3,1,1,0,0,0,0,0,0,0,3,0,1,3
86444,,1,3,1,1,0,0,0,0,0,0,0,13,0,1,13
86444,,1,3,1,0,0,0,0,0,0,0,0,13,0,0,0
86444,,1,2,1,1,0,0,0,0,0,0,0,6,0,1,6
86444,,1,3,1,1,1,0,0,0,1,0,0,3,1,0,0
86445,,2,1,1,0,0,0,0,0,0,0,0,6,0,0,0
86445,,1,2,1,1,0,0,0,0,0,0,0,2,0,1,2
86445,,1,3,1,0,0,0,0,0,0,0,0,2,0,0,0
86445,,1,3,1,1,0,0,0,0,0,0,0,4,0,1,4
86445,,2,3,1,0,0,0,0,0,0,0,0,4,0,0,0
86445,,2,3,1,1,0,0,0,0,0,0,0,5,0,1,5
86445,,1,1,1,0,0,0,0,0,0,0,0,13,0,0,0
86445,,1,1,1,1,0,0,0,0,0,0,0,4,0,1,4
86446,,1,1,1,1,0,0,0,0,0,0,0,11,0,1,11
86446,,1,3,1,1,0,0,0,0,0,0,0,5,0,1,5
86446,,2,1,1,1,0,0,0,0,0,0,0,4,0,1,4
86446,,2,1,1,0,0,0,0,0,0,0,0,14,0,0,0
86446,,2,3,1,1,0,0,0,0,0,0,0,7,0,1,7
86446,,1,2,1,1,0,0,0,0,0,0,0,7,0,1,7
86446,,2,3,1,0,0,0,0,0,0,0,0,10,0,0,0
86446,,1,3,1,0,0,0,0,0,0,0,0,17,0,0,0
86446,,1,1,1,0,0,0,0,0,0,0,0,27,0,0,0
86446,,1,0,1,0,0,0,0,0,0,0,0,2,0,0,0
86446,,1,3,1,1,1,0,0,0,1,0,0,3,1,0,0
86447,,1,3,2,1,0,0,0,0,0,0,0,4,0,1,4
86447,,1,3,2,0,0,0,0,0,0,0,0,4,0,0,0
86447,,2,3,2,0,0,0,0,0,0,0,0,5,0,0,0
86447,,1,3,2,1,1,0,0,0,1,0,0,2,1,0,0
86447,,1,2,2,1,0,0,0,0,0,0,0,2,0,1,2
86447,,1,1,2,0,0,0,0,0,0,0,0,11,0,0,0
86447,,2,1,2,0,0,0,0,0,0,0,0,7,0,0,0
86448,,1,1,2,0,0,0,0,0,0,0,0,11,0,0,0
86448,,1,2,2,0,0,0,0,0,0,0,0,2,0,0,0
86448,,1,4,2,0,0,0,0,0,0,0,0,2,0,0,0
86448,,1,3,2,1,0,0,0,0,0,0,0,6,0,1,6
86448,,1,3,2,0,0,0,0,0,0,0,0,6,0,0,0
86448,,2,3,2,1,0,0,0,0,0,0,0,2,0,1,2
86448,,1,1,2,1,0,0,0,0,0,0,0,3,0,1,3
86448,,2,1,2,0,0,0,0,0,0,0,0,7,0,0,0
90042,,2,1,4,0,0,0,0,0,0,0,0,23,0,0,0
90042,,1,3,4,1,0,0,0,0,0,0,0,28,0,1,28
90042,,2,3,4,1,0,0,0,0,0,0,0,15,0,1,15
90042,,1,2,4,1,0,0,0,0,0,0,0,11,0,1,11
90042,,1,5,4,1,1,0,0,0,0,1,0,3,1,0,0
90042,,1,3,4,0,0,0,0,0,0,0,0,27,0,0,0
90042,,2,3,4,0,0,0,0,0,0,0,0,5,0,0,0
90042,,1,1,4,1,1,0,0,0,1,0,0,2,1,0,0
90042,,1,2,4,0,0,0,0,0,0,0,0,4,0,0,0
90042,,2,2,4,1,0,0,0,0,0,0,0,5,0,1,5
90042,,1,1,4,1,0,0,0,0,0,0,0,12,0,1,12
90042,,2,3,4,1,1,0,0,0,1,0,0,2,1,0,0
90042,,1,0,4,0,0,0,0,0,0,0,0,4,0,0,0
90042,,2,1,4,1,0,0,0,0,0,0,0,7,0,1,7
90042,,1,2,4,1,1,0,0,0,0,1,0,2,1,0,0
90042,,1,1,4,0,0,0,0,0,0,0,0,52,0,0,0
90047,,2,3,3,0,0,0,0,0,0,0,0,54,0,0,0
90047,,1,4,3,0,0,0,0,0,0,0,0,3,0,0,0
90047,,2,1,3,1,0,0,0,0,0,0,0,39,0,1,39
90047,,2,1,3,0,0,0,0,0,0,0,0,78,0,0,0
90047,,1,5,3,1,1,0,0,0,0,1,0,2,1,0,0
90047,,1,1,3,1,0,0,0,0,0,0,0,24,0,1,24
90047,,2,3,3,1,1,0,0,0,0,1,0,2,1,0,0
90047,,2,5,3,1,1,0,0,0,0,1,0,4,1,0,0
90047,,1,2,3,1,0,0,0,0,0,0,0,15,0,1,15
90047,,1,3,3,1,1,0,0,0,0,1,0,2,1,0,0
90047,,1,0,3,1,0,0,0,0,0,0,0,2,0,1,2
90047,,1,3,3,1,0,0,0,0,0,0,0,32,0,1,32
90047,,1,1,3,0,0,0,0,0,0,0,0,69,0,0,0
90047,,2,0,3,0,0,0,0,0,0,0,0,7,0,0,0
90047,,2,2,3,0,0,0,0,0,0,0,0,9,0,0,0
90047,,1,3,3,0,0,0,0,0,0,0,0,35,0,0,0
90047,,2,3,3,1,1,0,0,0,1,0,0,2,1,0,0
90047,,2,3,3,1,0,0,0,0,0,0,0,52,0,1,52
90047,,1,2,3,0,0,0,0,0,0,0,0,3,0,0,0
90047,,2,2,3,1,0,0,0,0,0,0,0,18,0,1,18
90047,,2,2,3,1,1,0,0,0,0,1,0,5,1,0,0
90047,,1,1,3,1,1,0,0,0,1,0,0,2,1,0,0
90202,,1,1,1,1,0,0,0,0,0,0,0,15,0,1,15
90202,,2,0,1,0,0,0,0,0,0,0,0,2,0,0,0
90202,,2,2,3,1,0,0,0,0,0,0,0,5,0,1,5
90202,,2,0,3,0,0,0,0,0,0,0,0,6,0,0,0
90202,,2,1,3,1,0,0,0,0,0,0,0,12,0,1,12
90202,,2,3,3,0,0,0,0,0,0,0,0,29,0,0,0
90202,,2,2,1,1,0,0,0,0,0,0,0,3,0,1,3
90202,,2,2,1,0,0,0,0,0,0,0,0,2,0,0,0
90202,,2,2,3,1,1,0,0,0,0,1,0,3,1,0,0
90202,,2,3,1,0,0,0,0,0,0,0,0,14,0,0,0
90202,,1,3,1,1,1,0,0,0,1,1,0,2,1,0,0
90202,,1,3,1,0,0,0,0,0,0,0,0,14,0,0,0
90202,,2,1,1,0,0,0,0,0,0,0,0,38,0,0,0
90202,,1,2,3,1,1,0,0,0,1,0,0,2,1,0,0
90202,,1,3,3,1,1,0,0,0,1,0,0,2,1,0,0
90202,,2,3,3,1,0,0,0,0,0,0,0,26,0,1,26
90202,,1,4,3,0,0,0,0,0,0,0,0,2,0,0,0
90202,,2,4,3,0,0,0,0,0,0,0,0,2,0,0,0
90202,,1,3,1,1,1,0,0,0,1,0,0,3,1,0,0
90202,,2,1,1,1,0,0,0,0,0,0,0,10,0,1,10
90202,,2,1,3,0,0,0,0,0,0,0,0,54,0,0,0
90202,,1,3,1,1,0,0,0,0,0,0,0,24,0,1,24
90202,,1,2,3,1,0,0,0,0,0,0,0,9,0,1,9
90202,,1,0,1,0,0,0,0,0,0,0,0,2,0,0,0
90202,,1,2,1,0,0,0,0,0,0,0,0,4,0,0,0
90202,,1,0,3,1,0,0,0,0,0,0,0,2,0,1,2
90202,,2,1,3,1,1,0,1,0,0,0,0,2,1,0,0
90202,,1,2,3,0,0,0,0,0,0,0,0,3,0,0,0
90202,,2,3,1,1,0,0,0,0,0,0,0,17,0,1,17
90202,,1,2,1,1,0,0,0,0,0,0,0,4,0,1,4
90202,,1,3,3,0,0,0,0,0,0,0,0,11,0,0,0
90202,,2,2,1,1,1,0,0,0,0,1,0,2,1,0,0
90202,,1,1,3,0,0,0,0,0,0,0,0,21,0,0,0
90202,,1,3,3,1,0,0,0,0,0,0,0,30,0,1,30
90202,,1,1,1,0,0,0,0,0,0,0,0,29,0,0,0
90202,,1,1,3,1,0,0,0,0,0,0,0,13,0,1,13
117438,,2,5,4,0,1,0,0,0,0,1,0,19,1,0,0
117438,,2,5,4,1,0,0,0,0,0,0,0,5,0,1,5
117438,,2,5,4,1,1,0,0,0,0,1,0,25,1,0,0
117438,,1,5,4,1,1,0,0,0,0,1,0,8,1,0,0
117438,,1,5,4,0,1,0,0,0,0,1,0,3,1,0,0
117438,,2,5,4,0,0,0,0,0,0,0,0,2,0,0,0
118004,,2,5,4,0,0,0,0,0,0,0,0,7,0,0,0
118004,,1,5,4,0,1,0,0,0,0,1,0,8,1,0,0
118004,,2,5,4,0,1,0,0,0,0,1,0,63,1,0,0
118005,,2,5,4,0,1,0,0,0,0,1,0,36,1,0,0
118005,,2,5,4,0,0,0,0,0,0,0,0,10,0,0,0
118005,,1,5,4,0,1,0,0,0,0,1,0,16,1,0,0
118005,,1,5,4,0,0,0,0,0,0,0,0,2,0,0,0
118006,,1,5,4,0,0,0,0,0,0,0,0,4,0,0,0
118006,,2,5,4,0,0,0,0,0,0,0,0,10,0,0,0
118006,,2,5,4,0,1,0,0,0,0,1,0,67,1,0,0
118006,,1,5,4,0,1,0,0,0,0,1,0,18,1,0,0
121481,,1,1,3,0,0,0,0,0,0,0,0,2,0,0,0
121481,,1,3,4,0,0,0,0,0,0,0,0,10,0,0,0
121481,,1,3,3,0,0,0,0,0,0,0,0,2,0,0,0
121481,,2,1,4,0,0,0,0,0,0,0,0,53,0,0,0
121481,,1,1,4,1,0,0,0,0,0,0,0,5,0,1,5
121481,,2,3,4,0,0,0,0,0,0,0,0,21,0,0,0
121481,,2,1,3,0,0,0,0,0,0,0,0,7,0,0,0
121481,,2,0,4,0,0,0,0,0,0,0,0,3,0,0,0
121481,,2,3,4,1,1,0,0,0,1,0,0,3,1,0,0
121481,,1,1,4,0,0,0,0,0,0,0,0,12,0,0,0
121481,,2,3,3,0,0,0,0,0,0,0,0,5,0,0,0
121481,,1,2,4,1,0,0,0,0,0,0,0,5,0,1,5
121481,,2,1,4,1,0,0,0,0,0,0,0,13,0,1,13
121481,,2,2,4,1,0,0,0,0,0,0,0,8,0,1,8
121481,,2,3,4,1,0,0,0,0,0,0,0,12,0,1,12
121481,,2,2,4,0,0,0,0,0,0,0,0,3,0,0,0
121481,,1,3,4,1,0,0,0,0,0,0,0,12,0,1,12
121570,,1,1,3,0,0,0,0,0,0,0,0,4,0,0,0
121570,,2,2,3,1,0,0,0,0,0,0,0,6,0,1,6
121570,,2,3,3,1,1,0,0,0,0,1,0,2,1,0,0
121570,,2,1,3,0,0,0,0,0,0,0,0,89,0,0,0
121570,,2,0,3,0,0,0,0,0,0,0,0,6,0,0,0
121570,,2,0,3,1,0,0,0,0,0,0,0,3,0,1,3
121570,,1,3,3,0,0,0,0,0,0,0,0,9,0,0,0
121570,,1,3,3,1,0,0,0,0,0,0,0,10,0,1,10
121570,,2,3,3,0,0,0,0,0,0,0,0,24,0,0,0
121570,,1,1,3,1,0,0,0,0,0,0,0,4,0,1,4
121570,,1,3,3,1,1,0,0,0,1,0,0,4,1,0,0
121570,,1,2,3,1,1,0,0,0,0,1,0,2,1,0,0
121570,,2,1,3,1,0,0,0,0,0,0,0,34,0,1,34
121570,,2,4,3,0,0,0,0,0,0,0,0,2,0,0,0
121570,,2,3,3,1,1,0,1,0,0,0,0,3,1,0,0
121570,,2,2,3,0,0,0,0,0,0,0,0,6,0,0,0
121570,,2,3,3,1,0,0,0,0,0,0,0,51,0,1,51
121570,,1,2,3,1,0,0,0,0,0,0,0,2,0,1,2
121932,,1,2,3,1,1,0,0,0,1,0,0,3,1,0,0
121932,,2,3,3,0,0,0,0,0,0,0,0,3,0,0,0
121932,,1,2,3,0,1,1,0,0,0,0,0,2,1,0,0
121932,,1,3,3,1,1,1,1,0,0,0,0,2,1,0,0
121932,,1,1,3,1,1,1,0,0,1,0,0,3,1,0,0
121932,,1,2,3,1,0,0,0,0,0,0,0,7,0,1,7
121932,,1,0,3,0,0,0,0,0,0,0,0,2,0,0,0
121932,,1,1,3,1,0,0,0,0,0,0,0,4,0,1,4
121932,,1,1,3,0,1,1,0,0,0,0,0,2,1,0,0
121932,,1,3,3,1,1,0,0,0,1,0,0,4,1,0,0
121932,,1,3,3,1,1,1,0,0,1,0,0,4,1,0,0
121932,,1,2,3,0,0,0,0,0,0,0,0,2,0,0,0
121932,,1,2,3,1,1,1,1,0,0,1,0,2,1,0,0
121932,,2,3,3,1,1,1,0,0,1,0,0,2,1,0,0
121932,,1,2,3,1,1,1,0,0,0,0,0,2,1,0,0
121932,,2,1,3,0,0,0,0,0,0,0,0,3,0,0,0
121932,,1,3,3,0,1,1,1,0,0,0,0,2,1,0,0
121932,,1,2,3,1,1,0,0,0,0,1,0,2,1,0,0
121932,,2,1,3,1,0,0,0,0,0,0,0,2,0,1,2
121932,,1,1,3,0,1,0,0,0,1,0,0,2,1,0,0
121932,,2,3,3,1,0,0,0,0,0,0,0,3,0,1,3
121932,,1,3,3,1,1,1,0,0,0,1,0,4,1,0,0
121932,,1,3,3,0,0,0,0,0,0,0,0,9,0,0,0
121932,,1,0,3,1,0,0,0,0,0,0,0,2,0,1,2
121932,,1,1,3,0,0,0,0,0,0,0,0,20,0,0,0
121932,,1,3,3,1,0,0,0,0,0,0,0,22,0,1,22
121932,,1,1,3,1,1,1,1,0,0,0,0,2,1,0,0
121932,,2,2,3,1,0,0,0,0,0,0,0,3,0,1,3
121934,,1,1,3,1,0,0,0,0,0,0,0,2,0,1,2
121934,,1,1,3,0,0,0,0,0,0,0,0,2,0,0,0
121934,,1,3,3,1,0,0,0,0,0,0,0,4,0,1,4
121934,,2,1,3,0,0,0,0,0,0,0,0,5,0,0,0
121934,,2,3,3,0,0,0,0,0,0,0,0,2,0,0,0
121934,,2,3,3,1,1,1,1,0,0,0,0,2,1,0,0
122584,,2,1,4,0,0,0,0,0,0,0,0,29,0,0,0
122584,,1,1,4,0,0,0,0,0,0,0,0,58,0,0,0
122584,,2,2,4,1,1,0,0,0,0,1,0,2,1,0,0
122584,,2,1,4,1,0,0,0,0,0,0,0,4,0,1,4
122584,,1,3,4,1,0,0,0,0,0,0,0,30,0,1,30
122584,,2,2,4,1,0,0,0,0,0,0,0,3,0,1,3
122584,,2,3,4,1,1,0,0,0,0,1,0,2,1,0,0
122584,,2,0,4,1,0,0,0,0,0,0,0,2,0,1,2
122584,,2,2,4,0,0,0,0,0,0,0,0,5,0,0,0
122584,,1,1,4,1,0,0,0,0,0,0,0,14,0,1,14
122584,,2,3,4,1,0,0,0,0,0,0,0,16,0,1,16
122584,,1,3,4,1,1,0,1,0,0,0,0,2,1,0,0
122584,,2,3,4,1,1,0,0,0,1,0,0,2,1,0,0
122584,,1,3,4,1,1,0,0,0,1,0,0,3,1,0,0
122584,,1,2,4,1,1,0,0,0,0,1,0,2,1,0,0
122584,,2,3,4,0,0,0,0,0,0,0,0,10,0,0,0
122584,,1,3,4,0,0,0,0,0,0,0,0,12,0,0,0
122584,,1,2,4,1,0,0,0,0,0,0,0,12,0,1,12
122843,,1,3,4,1,0,0,0,0,0,0,0,14,0,1,14
122843,,2,3,4,1,1,0,0,0,1,0,0,3,1,0,0
122843,,1,1,4,0,0,0,0,0,0,0,0,20,0,0,0
122843,,1,3,4,0,0,0,0,0,0,0,0,8,0,0,0
122843,,1,1,4,1,0,0,0,0,0,0,0,8,0,1,8
122843,,2,1,4,0,0,0,0,0,0,0,0,43,0,0,0
122843,,2,3,4,0,0,0,0,0,0,0,0,14,0,0,0
122843,,2,1,4,1,0,0,0,0,0,0,0,8,0,1,8
122843,,2,3,4,1,0,0,0,0,0,0,0,9,0,1,9
122843,,1,2,4,1,0,0,0,0,0,0,0,3,0,1,3
122843,,2,2,4,1,0,0,0,0,0,0,0,3,0,1,3
123425,,1,1,4,0,0,0,0,0,0,0,0,30,0,0,0
123425,,2,1,4,0,0,0,0,0,0,0,0,28,0,0,0
123425,,2,1,4,1,0,0,0,0,0,0,0,10,0,1,10
123425,,2,2,4,1,0,0,0,0,0,0,0,3,0,1,3
123425,,1,2,4,1,1,0,0,0,0,1,0,3,1,0,0
123425,,1,3,4,0,0,0,0,0,0,0,0,17,0,0,0
123425,,1,3,4,1,0,0,0,0,0,0,0,12,0,1,12
123425,,2,3,4,1,0,0,0,0,0,0,0,18,0,1,18
123425,,2,2,4,1,1,0,1,0,0,0,0,3,1,0,0
123425,,1,2,4,1,0,0,0,0,0,0,0,8,0,1,8
123425,,1,2,4,1,1,0,1,0,0,0,0,2,1,0,0
123425,,1,2,4,1,1,0,0,0,1,0,0,2,1,0,0
123425,,2,3,4,0,0,0,0,0,0,0,0,13,0,0,0
123425,,1,1,4,0,1,0,1,0,0,0,0,2,1,0,0
123425,,1,1,4,1,0,0,0,0,0,0,0,12,0,1,12
123425,,1,0,4,0,0,0,0,0,0,0,0,2,0,0,0
123425,,2,2,4,0,0,0,0,0,0,0,0,3,0,0,0
123429,,2,2,3,0,0,0,0,0,0,0,0,4,0,0,0
123429,,2,1,3,0,0,0,0,0,0,0,0,109,0,0,0
123429,,2,2,3,1,0,0,0,0,0,0,0,25,0,1,25
123429,,2,4,3,1,0,0,0,0,0,0,0,2,0,1,2
123429,,1,1,3,1,0,0,0,0,0,0,0,4,0,1,4
123429,,2,3,3,1,0,0,0,0,0,0,0,53,0,1,53
123429,,1,1,3,0,0,0,0,0,0,0,0,10,0,0,0
123429,,2,3,3,0,0,0,0,0,0,0,0,49,0,0,0
123429,,1,2,3,1,0,0,0,0,0,0,0,2,0,1,2
123429,,2,1,3,1,0,0,0,0,0,0,0,29,0,1,29
123429,,1,3,3,0,0,0,0,0,0,0,0,8,0,0,0
123429,,2,4,3,0,0,0,0,0,0,0,0,3,0,0,0
123429,,2,0,3,0,0,0,0,0,0,0,0,3,0,0,0
123429,,1,3,3,1,0,0,0,0,0,0,0,12,0,1,12
123496,,2,3,4,1,1,0,1,0,0,0,0,2,1,0,0
123496,,1,2,4,1,1,0,1,0,0,0,0,2,1,0,0
123496,,1,1,4,0,1,0,0,0,1,0,0,2,1,0,0
123496,,2,1,4,0,0,0,0,0,0,0,0,27,0,0,0
123496,,1,3,4,0,0,0,0,0,0,0,0,19,0,0,0
123496,,1,1,4,1,1,0,0,0,1,0,0,2,1,0,0
123496,,1,0,4,1,0,0,0,0,0,0,0,4,0,1,4
123496,,2,2,4,1,0,0,0,0,0,0,0,4,0,1,4
123496,,2,1,4,1,0,0,0,0,0,0,0,11,0,1,11
123496,,1,1,4,0,0,0,0,0,0,0,0,39,0,0,0
123496,,1,2,4,1,0,0,0,0,0,0,0,7,0,1,7
123496,,1,2,4,0,0,0,0,0,0,0,0,5,0,0,0
123496,,2,1,4,1,1,0,0,0,1,0,0,2,1,0,0
123496,,1,3,4,1,1,0,0,0,0,1,0,3,1,0,0
123496,,2,3,4,1,0,0,0,0,0,0,0,24,0,1,24
123496,,2,3,4,1,1,0,0,0,0,1,0,3,1,0,0
123496,,1,3,4,1,0,0,0,0,0,0,0,23,0,1,23
123496,,1,1,4,1,0,0,0,0,0,0,0,13,0,1,13
123496,,2,3,4,0,0,0,0,0,0,0,0,22,0,0,0
123496,,1,3,4,1,1,0,0,0,1,0,0,2,1,0,0
123860,,2,3,4,0,0,0,0,0,0,0,0,26,0,0,0
123860,,1,3,4,1,0,0,0,0,0,0,0,14,0,1,14
123860,,1,3,4,0,0,0,0,0,0,0,0,8,0,0,0
123860,,1,2,4,1,0,0,0,0,0,0,0,2,0,1,2
123860,,2,2,4,0,0,0,0,0,0,0,0,3,0,0,0
123860,,2,0,4,0,0,0,0,0,0,0,0,6,0,0,0
123860,,2,1,4,1,0,0,0,0,0,0,0,19,0,1,19
123860,,2,1,4,1,1,0,0,0,1,0,0,3,1,0,0
123860,,1,1,4,0,0,0,0,0,0,0,0,13,0,0,0
123860,,2,3,4,1,1,0,1,0,0,0,0,3,1,0,0
123860,,2,3,4,1,0,0,0,0,0,0,0,32,0,1,32
123860,,2,2,4,1,0,0,0,0,0,0,0,11,0,1,11
123860,,1,1,4,1,0,0,0,0,0,0,0,6,0,1,6
123860,,2,3,4,1,1,0,0,0,1,0,0,2,1,0,0
123860,,2,4,4,0,0,0,0,0,0,0,0,2,0,0,0
123860,,2,1,4,0,0,0,0,0,0,0,0,80,0,0,0
123860,,1,0,4,0,0,0,0,0,0,0,0,2,0,0,0
123860,,1,3,4,1,1,0,0,0,1,0,0,2,1,0,0
314089,,2,1,4,0,0,0,0,0,0,0,0,26,0,0,0
314089,,2,0,4,0,0,0,0,0,0,0,0,3,0,0,0
314089,,2,1,4,1,0,0,0,0,0,0,0,8,0,1,8
314089,,2,2,4,0,0,0,0,0,0,0,0,2,0,0,0
314089,,2,2,4,1,0,0,0,0,0,0,0,6,0,1,6
314089,,2,2,4,1,1,0,1,0,0,0,0,2,1,0,0
314089,,1,1,4,1,0,0,0,0,0,0,0,17,0,1,17
314089,,2,3,4,1,0,0,0,0,0,0,0,12,0,1,12
314089,,1,2,4,0,0,0,0,0,0,0,0,5,0,0,0
314089,,1,3,4,0,0,0,0,0,0,0,0,16,0,0,0
314089,,1,3,4,1,1,0,1,0,0,0,0,2,1,0,0
314089,,1,3,4,1,0,0,0,0,0,0,0,27,0,1,27
314089,,1,1,4,0,0,0,0,0,0,0,0,46,0,0,0
314089,,1,2,4,1,0,0,0,0,0,0,0,5,0,1,5
314089,,1,3,4,1,1,0,0,0,1,0,0,2,1,0,0
314089,,2,3,4,0,0,0,0,0,0,0,0,11,0,0,0
314089,,2,1,4,1,1,0,0,0,1,0,0,3,1,0,0
314089,,2,3,4,1,1,0,1,0,0,0,0,2,1,0,0
314089,,1,3,4,1,1,0,0,0,0,1,0,2,1,0,0
314102,,1,3,1,1,0,0,0,0,0,0,0,13,0,1,13
314102,,2,1,1,1,0,0,0,0,0,0,0,9,0,1,9
314102,,2,2,1,1,0,0,0,0,0,0,0,4,0,1,4
314102,,2,3,1,1,0,0,0,0,0,0,0,12,0,1,12
314102,,2,1,1,0,0,0,0,0,0,0,0,18,0,0,0
314102,,2,3,1,0,0,0,0,0,0,0,0,13,0,0,0
314102,,1,1,1,0,0,0,0,0,0,0,0,22,0,0,0
314102,,2,2,1,0,0,0,0,0,0,0,0,4,0,0,0
314102,,1,1,1,1,0,0,0,0,0,0,0,6,0,1,6
314102,,1,3,1,0,0,0,0,0,0,0,0,9,0,0,0
314110,,2,3,1,0,0,0,0,0,0,0,0,6,0,0,0
314110,,1,1,1,0,0,0,0,0,0,0,0,2,0,0,0
314110,,2,1,1,0,0,0,0,0,0,0,0,4,0,0,0
314110,,2,0,1,0,0,0,0,0,0,0,0,4,0,0,0
314112,,1,1,1,1,0,0,0,0,0,0,0,13,0,1,13
314112,,2,1,3,1,0,0,0,0,0,0,0,6,0,1,6
314112,,2,2,1,1,0,0,0,0,0,0,0,6,0,1,6
314112,,2,3,3,0,0,0,0,0,0,0,0,17,0,0,0
314112,,1,1,3,1,0,0,0,0,0,0,0,13,0,1,13
314112,,1,3,1,0,0,0,0,0,0,0,0,19,0,0,0
314112,,1,3,3,1,0,0,0,0,0,0,0,15,0,1,15
314112,,1,1,3,0,0,0,0,0,0,0,0,14,0,0,0
314112,,2,3,1,1,0,0,0,0,0,0,0,23,0,1,23
314112,,2,2,3,0,0,0,0,0,0,0,0,3,0,0,0
314112,,2,3,3,1,0,0,0,0,0,0,0,15,0,1,15
314112,,1,1,1,0,0,0,0,0,0,0,0,51,0,0,0
314112,,1,2,1,0,0,0,0,0,0,0,0,4,0,0,0
314112,,1,3,3,0,0,0,0,0,0,0,0,12,0,0,0
314112,,2,1,3,0,0,0,0,0,0,0,0,35,0,0,0
314112,,1,2,1,1,0,0,0,0,0,0,0,10,0,1,10
314112,,1,2,3,1,0,0,0,0,0,0,0,10,0,1,10
314112,,1,0,3,0,0,0,0,0,0,0,0,2,0,0,0
314112,,2,1,1,1,0,0,0,0,0,0,0,13,0,1,13
314112,,1,3,3,1,1,0,0,0,0,1,0,3,1,0,0
314112,,2,2,1,0,0,0,0,0,0,0,0,5,0,0,0
314112,,2,1,1,0,0,0,0,0,0,0,0,49,0,0,0
314112,,2,2,3,1,0,0,0,0,0,0,0,2,0,1,2
314112,,2,3,1,0,0,0,0,0,0,0,0,18,0,0,0
314112,,1,2,1,1,1,0,1,0,0,0,0,2,1,0,0
314112,,2,0,1,0,0,0,0,0,0,0,0,2,0,0,0
314112,,1,3,1,1,0,0,0,0,0,0,0,22,0,1,22
314118,,2,2,4,0,0,0,0,0,0,0,0,6,0,0,0
314118,,1,0,4,1,0,0,0,0,0,0,0,3,0,1,3
314118,,1,1,4,1,0,0,0,0,0,0,0,14,0,1,14
314118,,1,0,4,0,0,0,0,0,0,0,0,2,0,0,0
314118,,1,1,4,0,1,0,0,0,1,0,0,3,1,0,0
314118,,2,3,4,0,0,0,0,0,0,0,0,23,0,0,0
314118,,2,1,4,1,0,0,0,0,0,0,0,6,0,1,6
314118,,1,2,4,0,0,0,0,0,0,0,0,5,0,0,0
314118,,2,2,4,1,0,0,0,0,0,0,0,7,0,1,7
314118,,1,1,4,0,0,0,0,0,0,0,0,32,0,0,0
314118,,2,1,4,0,0,0,0,0,0,0,0,54,0,0,0
314118,,1,3,4,1,0,0,0,0,0,0,0,29,0,1,29
314118,,1,3,4,1,1,0,0,0,1,0,0,2,1,0,0
314118,,1,2,4,1,0,0,0,0,0,0,0,7,0,1,7
314118,,1,3,4,0,0,0,0,0,0,0,0,13,0,0,0
314118,,2,3,4,1,0,0,0,0,0,0,0,13,0,1,13
314118,,2,0,4,0,0,0,0,0,0,0,0,3,0,0,0
1084192,,2,3,4,1,0,0,0,0,0,0,0,8,0,1,8
1084192,,1,4,4,0,0,0,0,0,0,0,0,2,0,0,0
1084192,,1,3,4,1,1,0,1,0,0,0,0,2,1,0,0
1084192,,2,2,4,0,0,0,0,0,0,0,0,2,0,0,0
1084192,,1,1,4,0,1,0,1,0,0,0,0,2,1,0,0
1084192,,1,1,4,0,0,0,0,0,0,0,0,42,0,0,0
1084192,,1,2,4,1,0,0,0,0,0,0,0,9,0,1,9
1084192,,1,3,4,1,0,0,0,0,0,0,0,18,0,1,18
1084192,,2,0,4,0,0,0,0,0,0,0,0,2,0,0,0
1084192,,1,1,4,1,0,0,0,0,0,0,0,12,0,1,12
1084192,,1,0,4,1,0,0,0,0,0,0,0,2,0,1,2
1084192,,2,3,4,0,0,0,0,0,0,0,0,17,0,0,0
1084192,,2,1,4,0,0,0,0,0,0,0,0,24,0,0,0
1084192,,2,2,4,1,0,0,0,0,0,0,0,6,0,1,6
1084192,,1,3,4,0,0,0,0,0,0,0,0,28,0,0,0
1084192,,1,2,4,0,0,0,0,0,0,0,0,3,0,0,0
1084192,,1,3,4,1,1,0,0,0,1,0,0,2,1,0,0
1084192,,2,1,4,1,0,0,0,0,0,0,0,16,0,1,16
1084192,,1,1,4,1,1,0,0,0,1,0,0,2,1,0,0
1110643,,2,2,4,1,0,0,0,0,0,0,0,5,0,1,5
1110643,,1,2,4,0,0,0,0,0,0,0,0,4,0,0,0
1110643,,2,3,4,0,0,0,0,0,0,0,0,4,0,0,0
1110643,,1,3,4,1,0,0,0,0,0,0,0,18,0,1,18
1110643,,2,1,4,1,0,0,0,0,0,0,0,7,0,1,7
1110643,,1,3,4,0,0,0,0,0,0,0,0,8,0,0,0
1110643,,2,1,4,0,0,0,0,0,0,0,0,18,0,0,0
1110643,,1,2,4,1,0,0,0,0,0,0,0,4,0,1,4
1110643,,1,1,4,0,0,0,0,0,0,0,0,19,0,0,0
1110643,,2,3,4,1,0,0,0,0,0,0,0,10,0,1,10
1110643,,1,1,4,1,0,0,0,0,0,0,0,11,0,1,11
1110643,,2,0,4,0,0,0,0,0,0,0,0,2,0,0,0
1110643,,1,4,4,0,0,0,0,0,0,0,0,2,0,0,0
1110644,,1,3,3,1,0,0,0,0,0,0,0,11,0,1,11
1110644,,1,1,3,1,0,0,0,0,0,0,0,5,0,1,5
1110644,,2,1,3,1,0,0,0,0,0,0,0,2,0,1,2
1110644,,2,2,3,0,0,0,0,0,0,0,0,2,0,0,0
1110644,,1,0,3,0,0,0,0,0,0,0,0,3,0,0,0
1110644,,2,3,3,1,0,0,0,0,0,0,0,5,0,1,5
1110644,,1,2,3,1,0,0,0,0,0,0,0,6,0,1,6
1110644,,2,0,3,0,0,0,0,0,0,0,0,5,0,0,0
1110644,,1,1,3,0,0,0,0,0,0,0,0,22,0,0,0
1110644,,2,3,3,0,0,0,0,0,0,0,0,11,0,0,0
1110644,,1,3,3,0,0,0,0,0,0,0,0,11,0,0,0
1110644,,2,1,3,0,0,0,0,0,0,0,0,10,0,0,0
1110644,,2,0,3,1,0,0,0,0,0,0,0,2,0,1,2
1110646,,1,3,3,0,0,0,0,0,0,0,0,2,0,0,0
1110646,,1,1,4,0,0,0,0,0,0,0,0,3,0,0,0
1110646,,2,3,4,0,0,0,0,0,0,0,0,2,0,0,0
1111225,,2,1,4,1,0,0,0,0,0,0,0,8,0,1,8
1111225,,1,3,4,1,0,0,0,0,0,0,0,30,0,1,30
1111225,,1,2,4,1,0,0,0,0,0,0,0,5,0,1,5
1111225,,2,0,4,0,0,0,0,0,0,0,0,2,0,0,0
1111225,,2,2,4,1,1,0,0,0,0,1,0,3,1,0,0
1111225,,2,1,4,0,0,0,0,0,0,0,0,36,0,0,0
1111225,,1,1,4,0,0,0,0,0,0,0,0,61,0,0,0
1111225,,1,2,4,0,0,0,0,0,0,0,0,6,0,0,0
1111225,,1,3,4,0,0,0,0,0,0,0,0,20,0,0,0
1111225,,2,2,4,1,0,0,0,0,0,0,0,5,0,1,5
1111225,,1,2,4,1,1,0,0,0,0,1,0,2,1,0,0
1111225,,2,3,4,0,0,0,0,0,0,0,0,13,0,0,0
1111225,,2,5,4,1,1,0,0,0,0,1,0,2,1,0,0
1111225,,2,3,4,1,0,0,0,0,0,0,0,15,0,1,15
1111225,,1,1,4,1,0,0,0,0,0,0,0,20,0,1,20
1111225,,1,1,4,0,1,0,0,0,1,0,0,2,1,0,0
1111225,,2,3,4,1,1,0,0,0,0,1,0,2,1,0,0
1111225,,1,0,4,1,0,0,0,0,0,0,0,5,0,1,5
1111226,,2,1,3,0,0,0,0,0,0,0,0,8,0,0,0
1111226,,1,3,4,1,0,0,0,0,0,0,0,3,0,1,3
1111226,,1,3,3,1,0,0,0,0,0,0,0,2,0,1,2
1111226,,1,3,4,0,0,0,0,0,0,0,0,5,0,0,0
1111226,,1,1,4,0,0,0,0,0,0,0,0,5,0,0,0
1111226,,1,1,3,1,0,0,0,0,0,0,0,2,0,1,2
1111226,,2,3,3,1,0,0,0,0,0,0,0,7,0,1,7
1111226,,1,1,3,0,0,0,0,0,0,0,0,2,0,0,0
1111226,,2,3,3,0,0,0,0,0,0,0,0,4,0,0,0
1111226,,1,3,3,0,0,0,0,0,0,0,0,7,0,0,0
1111226,,2,1,3,1,0,0,0,0,0,0,0,2,0,1,2
1111226,,2,2,3,0,0,0,0,0,0,0,0,3,0,0,0
1111226,,2,1,4,0,0,0,0,0,0,0,0,11,0,0,0
1111226,,2,3,4,0,0,0,0,0,0,0,0,2,0,0,0
1113007,,1,0,3,1,0,0,0,0,0,0,0,2,0,1,2
1113007,,1,2,3,0,0,0,0,0,0,0,0,7,0,0,0
1113007,,1,1,3,0,0,0,0,0,0,0,0,39,0,0,0
1113007,,1,3,3,1,1,0,0,0,1,0,0,3,1,0,0
1113007,,2,1,3,1,1,0,1,0,0,0,0,2,1,0,0
1113007,,2,1,3,0,0,0,0,0,0,0,0,32,0,0,0
1113007,,1,0,3,0,0,0,0,0,0,0,0,2,0,0,0
1113007,,2,2,3,0,0,0,0,0,0,0,0,12,0,0,0
1113007,,2,1,3,1,0,0,0,0,0,0,0,8,0,1,8
1113007,,2,3,3,0,0,0,0,0,0,0,0,16,0,0,0
1113007,,2,2,3,1,1,0,0,0,0,1,0,2,1,0,0
1113007,,1,1,3,1,0,0,0,0,0,0,0,14,0,1,14
1113007,,2,3,3,1,0,0,0,0,0,0,0,15,0,1,15
1113007,,1,3,3,1,0,0,0,0,0,0,0,19,0,1,19
1113007,,2,2,3,1,0,0,0,0,0,0,0,8,0,1,8
1113007,,1,3,3,0,0,0,0,0,0,0,0,15,0,0,0
1113007,,1,2,3,1,0,0,0,0,0,0,0,8,0,1,8
1113011,,2,1,2,0,0,0,0,0,0,0,0,24,0,0,0
1113011,,2,3,2,1,1,0,1,0,0,0,0,2,1,0,0
1113011,,1,1,2,1,0,0,0,0,0,0,0,6,0,1,6
1113011,,2,0,2,0,0,0,0,0,0,0,0,3,0,0,0
1113011,,1,1,2,0,0,0,0,0,0,0,0,5,0,0,0
1113011,,2,3,2,0,0,0,0,0,0,0,0,13,0,0,0
1113011,,2,2,2,1,0,0,0,0,0,0,0,5,0,1,5
1113011,,2,0,2,1,0,0,0,0,0,0,0,3,0,1,3
1113011,,2,1,2,1,0,0,0,0,0,0,0,11,0,1,11
1113011,,1,1,4,0,0,0,0,0,0,0,0,3,0,0,0
1113011,,1,3,2,0,0,0,0,0,0,0,0,4,0,0,0
1113011,,2,2,2,0,0,0,0,0,0,0,0,4,0,0,0
1113011,,1,2,2,1,0,0,0,0,0,0,0,4,0,1,4
1113011,,2,3,2,1,0,0,0,0,0,0,0,10,0,1,10
1113011,,1,3,2,1,0,0,0,0,0,0,0,5,0,1,5
1113012,,1,1,3,0,0,0,0,0,0,0,0,15,0,0,0
1113012,,2,2,3,0,0,0,0,0,0,0,0,9,0,0,0
1113012,,2,1,3,1,0,0,0,0,0,0,0,13,0,1,13
1113012,,1,3,3,0,0,0,0,0,0,0,0,14,0,0,0
1113012,,2,3,3,0,0,0,0,0,0,0,0,19,0,0,0
1113012,,1,3,3,1,0,0,0,0,0,0,0,11,0,1,11
1113012,,1,2,3,1,0,0,0,0,0,0,0,3,0,1,3
1113012,,2,5,3,1,1,0,0,0,0,1,0,4,1,0,0
1113012,,2,1,3,0,0,0,0,0,0,0,0,43,0,0,0
1113012,,2,0,3,0,0,0,0,0,0,0,0,10,0,0,0
1113012,,1,0,3,0,0,0,0,0,0,0,0,0,0,0,0
1113012,,1,2,3,0,0,0,0,0,0,0,0,2,0,0,0
1113012,,2,3,3,1,0,0,0,0,0,0,0,15,0,1,15
1113012,,1,0,3,1,0,0,0,0,0,0,0,2,0,1,2
1113012,,2,2,3,1,0,0,0,0,0,0,0,6,0,1,6
1113012,,1,1,3,1,0,0,0,0,0,0,0,5,0,1,5
1113043,,1,1,4,0,0,0,0,0,0,0,0,14,0,0,0
1113043,,2,2,4,0,0,0,0,0,0,0,0,2,0,0,0
1113043,,2,1,4,0,0,0,0,0,0,0,0,40,0,0,0
1113043,,2,0,4,0,0,0,0,0,0,0,0,4,0,0,0
1113043,,2,3,4,1,0,0,0,0,0,0,0,17,0,1,17
1113043,,1,1,4,1,0,0,0,0,0,0,0,7,0,1,7
1113043,,2,2,4,1,0,0,0,0,0,0,0,3,0,1,3
1113043,,2,1,4,1,0,0,0,0,0,0,0,11,0,1,11
1113043,,1,3,4,0,0,0,0,0,0,0,0,7,0,0,0
1113043,,1,3,4,1,0,0,0,0,0,0,0,4,0,1,4
1113043,,2,3,4,0,0,0,0,0,0,0,0,13,0,0,0
1113044,,1,3,4,1,0,0,0,0,0,0,0,4,0,1,4
1113044,,2,1,4,1,0,0,0,0,0,0,0,10,0,1,10
1113044,,2,3,4,1,0,0,0,0,0,0,0,4,0,1,4
1113044,,2,1,3,0,0,0,0,0,0,0,0,48,0,0,0
1113044,,2,1,4,0,0,0,0,0,0,0,0,23,0,0,0
1113044,,1,1,3,1,0,0,0,0,0,0,0,3,0,1,3
1113044,,2,3,4,0,0,0,0,0,0,0,0,7,0,0,0
1113044,,1,1,4,1,0,0,0,0,0,0,0,2,0,1,2
1113044,,2,2,4,1,0,0,0,0,0,0,0,2,0,1,2
1113044,,2,1,3,1,0,0,0,0,0,0,0,15,0,1,15
1113044,,2,3,3,0,0,0,0,0,0,0,0,23,0,0,0
1113044,,1,1,3,0,0,0,0,0,0,0,0,10,0,0,0
1113044,,2,2,4,1,1,0,0,0,1,0,0,2,1,0,0
1113044,,2,2,3,1,0,0,0,0,0,0,0,5,0,1,5
1113044,,2,3,3,1,0,0,0,0,0,0,0,22,0,1,22
1113044,,1,2,3,1,0,0,0,0,0,0,0,2,0,1,2
1113044,,1,1,4,0,0,0,0,0,0,0,0,5,0,0,0
1113044,,2,2,3,0,0,0,0,0,0,0,0,6,0,0,0
1113044,,1,3,3,0,0,0,0,0,0,0,0,5,0,0,0
1113044,,1,3,4,0,0,0,0,0,0,0,0,4,0,0,0
1113044,,1,3,3,1,0,0,0,0,0,0,0,3,0,1,3
1113067,,2,1,3,1,0,0,0,0,0,0,0,3,0,1,3
1113067,,1,3,4,1,0,0,0,0,0,0,0,3,0,1,3
1113067,,1,3,3,1,0,0,0,0,0,0,0,2,0,1,2
1113067,,1,3,4,0,0,0,0,0,0,0,0,3,0,0,0
1113067,,2,2,3,0,0,0,0,0,0,0,0,5,0,0,0
1113067,,2,3,3,1,0,0,0,0,0,0,0,6,0,1,6
1113067,,1,2,4,1,0,0,0,0,0,0,0,2,0,1,2
1113067,,1,1,3,0,0,0,0,0,0,0,0,4,0,0,0
1113067,,2,3,3,0,0,0,0,0,0,0,0,11,0,0,0
1113067,,2,1,4,1,0,0,0,0,0,0,0,4,0,1,4
1113067,,2,3,4,0,0,0,0,0,0,0,0,6,0,0,0
1113067,,2,1,3,0,0,0,0,0,0,0,0,14,0,0,0
1113067,,1,1,4,0,0,0,0,0,0,0,0,3,0,0,0
1113067,,2,1,4,0,0,0,0,0,0,0,0,5,0,0,0
1113067,,2,2,3,1,0,0,0,0,0,0,0,2,0,1,2
1113067,,2,2,4,1,0,0,0,0,0,0,0,7,0,1,7
1113070,,2,3,3,1,0,0,0,0,0,0,0,15,0,1,15
1113070,,2,3,4,0,0,0,0,0,0,0,0,11,0,0,0
1113070,,2,2,3,1,0,0,0,0,0,0,0,9,0,1,9
1113070,,1,3,3,1,0,0,0,0,0,0,0,11,0,1,11
1113070,,2,3,4,1,0,0,0,0,0,0,0,2,0,1,2
1113070,,2,1,4,0,0,0,0,0,0,0,0,11,0,0,0
1113070,,2,1,3,0,0,0,0,0,0,0,0,24,0,0,0
1113070,,1,2,4,0,0,0,0,0,0,0,0,2,0,0,0
1113070,,2,3,3,0,0,0,0,0,0,0,0,21,0,0,0
1113070,,1,1,3,0,0,0,0,0,0,0,0,22,0,0,0
1113070,,1,3,4,1,0,0,0,0,0,0,0,4,0,1,4
1113070,,2,0,3,0,0,0,0,0,0,0,0,2,0,0,0
1113070,,1,1,3,1,0,0,0,0,0,0,0,9,0,1,9
1113070,,1,3,3,0,0,0,0,0,0,0,0,17,0,0,0
1113070,,1,3,4,0,0,0,0,0,0,0,0,8,0,0,0
1113070,,2,1,4,1,0,0,0,0,0,0,0,4,0,1,4
1113070,,1,2,3,1,0,0,0,0,0,0,0,3,0,1,3
1113070,,1,1,4,0,0,0,0,0,0,0,0,7,0,0,0
1113070,,1,2,4,1,0,0,0,0,0,0,0,2,0,1,2
1113070,,2,2,3,0,0,0,0,0,0,0,0,5,0,0,0
1113070,,1,1,4,1,0,0,0,0,0,0,0,2,0,1,2
1113070,,1,0,3,0,0,0,0,0,0,0,0,6,0,0,0
1113070,,2,1,3,1,0,0,0,0,0,0,0,16,0,1,16
1113070,,1,0,4,1,0,0,0,0,0,0,0,2,0,1,2
1113070,,2,2,4,1,0,0,0,0,0,0,0,4,0,1,4
1120209,,1,2,3,1,0,0,0,0,0,0,0,10,0,1,10
1120209,,2,3,3,1,0,0,0,0,0,0,0,9,0,1,9
1120209,,1,1,3,0,0,0,0,0,0,0,0,21,0,0,0
1120209,,2,3,3,0,0,0,0,0,0,0,0,14,0,0,0
1120209,,1,1,3,1,0,0,0,0,0,0,0,9,0,1,9
1120209,,1,3,3,1,0,0,0,0,0,0,0,25,0,1,25
1120209,,1,3,3,1,1,0,0,0,1,0,0,2,1,0,0
1120209,,2,1,3,0,0,0,0,0,0,0,0,8,0,0,0
1120209,,1,3,3,0,0,0,0,0,0,0,0,18,0,0,0
1120209,,2,2,3,1,0,0,0,0,0,0,0,2,0,1,2
1120209,,1,0,3,0,0,0,0,0,0,0,0,3,0,0,0
1120209,,1,2,3,0,0,0,0,0,0,0,0,6,0,0,0
1120209,,2,2,3,0,0,0,0,0,0,0,0,3,0,0,0
1120209,,1,3,3,1,1,0,1,0,0,0,0,2,1,0,0
1131697,,1,3,3,1,0,0,0,0,0,0,0,12,0,1,12
1131697,,2,3,3,1,1,0,0,0,1,0,0,2,1,0,0
1131697,,2,3,3,1,0,0,0,0,0,0,0,27,0,1,27
1131697,,2,0,3,0,0,0,0,0,0,0,0,7,0,0,0
1131697,,1,2,3,1,0,0,0,0,0,0,0,4,0,1,4
1131697,,2,3,3,1,1,0,0,0,0,1,0,2,1,0,0
1131697,,1,1,3,1,0,0,0,0,0,0,0,13,0,1,13
1131697,,1,1,3,0,0,0,0,0,0,0,0,15,0,0,0
1131697,,2,2,3,1,0,0,0,0,0,0,0,7,0,1,7
1131697,,1,3,3,0,0,0,0,0,0,0,0,10,0,0,0
1131697,,1,4,3,1,0,0,0,0,0,0,0,2,0,1,2
1131697,,2,2,3,0,0,0,0,0,0,0,0,9,0,0,0
1131697,,2,1,3,0,0,0,0,0,0,0,0,48,0,0,0
1131697,,2,1,3,1,0,0,0,0,0,0,0,14,0,1,14
1131697,,2,3,3,0,0,0,0,0,0,0,0,33,0,0,0
1131697,,2,0,3,1,0,0,0,0,0,0,0,3,0,1,3
1135935,,1,3,4,1,0,0,0,0,0,0,0,24,0,1,24
1135935,,1,2,4,1,0,0,0,0,0,0,0,13,0,1,13
1135935,,2,2,4,1,0,0,0,0,0,0,0,5,0,1,5
1135935,,2,1,4,1,0,0,0,0,0,0,0,9,0,1,9
1135935,,1,0,4,0,0,0,0,0,0,0,0,3,0,0,0
1135935,,1,1,4,0,0,0,0,0,0,0,0,40,0,0,0
1135935,,1,2,4,1,1,0,0,0,1,0,0,3,1,0,0
1135935,,1,2,4,0,0,0,0,0,0,0,0,4,0,0,0
1135935,,2,3,4,1,0,0,0,0,0,0,0,12,0,1,12
1135935,,1,1,4,1,1,0,0,0,1,0,0,3,1,0,0
1135935,,2,2,4,0,0,0,0,0,0,0,0,4,0,0,0
1135935,,1,1,4,1,0,0,0,0,0,0,0,21,0,1,21
1135935,,1,3,4,0,0,0,0,0,0,0,0,19,0,0,0
1135935,,2,3,4,0,0,0,0,0,0,0,0,9,0,0,0
1135935,,2,1,4,0,0,0,0,0,0,0,0,22,0,0,0
1135935,,1,3,4,1,1,0,1,0,0,0,0,3,1,0,0
1135935,,2,2,4,1,1,0,0,0,0,1,0,3,1,0,0
1135939,,1,1,2,0,0,0,0,0,0,0,0,35,0,0,0
1135939,,1,1,2,1,0,0,0,0,0,0,0,7,0,1,7
1135939,,1,0,2,0,0,0,0,0,0,0,0,2,0,0,0
1135939,,1,2,2,0,0,0,0,0,0,0,0,3,0,0,0
1135939,,2,2,2,0,0,0,0,0,0,0,0,3,0,0,0
1135939,,2,3,2,1,1,0,0,0,0,1,0,2,1,0,0
1135939,,2,2,2,1,0,0,0,0,0,0,0,4,0,1,4
1135939,,1,3,2,1,0,0,0,0,0,0,0,16,0,1,16
1135939,,1,3,2,0,0,0,0,0,0,0,0,7,0,0,0
1135939,,2,3,2,1,1,0,0,0,1,0,0,3,1,0,0
1135939,,2,3,2,1,0,0,0,0,0,0,0,7,0,1,7
1135939,,1,1,2,0,1,0,1,0,0,0,0,2,1,0,0
1135939,,2,5,2,1,1,0,0,0,0,1,0,2,1,0,0
1135939,,2,3,2,0,0,0,0,0,0,0,0,2,0,0,0
1135939,,2,1,2,1,0,0,0,0,0,0,0,7,0,1,7
1135939,,1,2,2,1,0,0,0,0,0,0,0,4,0,1,4
1135939,,1,3,2,1,1,0,1,0,0,0,0,3,1,0,0
1135939,,2,1,2,0,0,0,0,0,0,0,0,24,0,0,0
1151198,,1,3,1,1,0,0,0,0,0,0,0,20,0,1,20
1151198,,2,1,1,1,0,0,0,0,0,0,0,4,0,1,4
1151198,,2,2,1,1,0,0,0,0,0,0,0,5,0,1,5
1151198,,1,1,1,0,0,0,0,0,0,0,0,33,0,0,0
1151198,,2,1,1,0,0,0,0,0,0,0,0,4,0,0,0
1151198,,1,1,1,1,0,0,0,0,0,0,0,14,0,1,14
1151198,,2,3,1,0,0,0,0,0,0,0,0,4,0,0,0
1151198,,2,3,1,1,0,0,0,0,0,0,0,5,0,1,5
1151198,,2,2,1,0,0,0,0,0,0,0,0,2,0,0,0
1151198,,1,2,1,1,0,0,0,0,0,0,0,13,0,1,13
1151198,,1,1,1,1,1,0,0,0,1,0,0,4,1,0,0
1151198,,1,3,1,0,0,0,0,0,0,0,0,20,0,0,0
1151198,,2,2,1,0,1,0,0,0,1,0,0,1,1,0,0
1151198,,1,2,1,0,0,0,0,0,0,0,0,9,0,0,0
1151198,,2,2,1,1,1,0,1,0,0,0,0,2,1,0,0
1151198,,1,0,1,0,0,0,0,0,0,0,0,4,0,0,0
1151198,,1,2,1,1,1,0,0,0,1,0,0,2,1,0,0
1151198,,2,1,1,1,1,0,0,0,1,0,0,2,1,0,0
1152529,,1,0,1,0,0,0,0,0,0,0,0,2,0,0,0
1152529,,2,3,1,1,0,0,0,0,0,0,0,25,0,1,25
1152529,,2,1,1,0,0,0,0,0,0,0,0,44,0,0,0
1152529,,1,3,1,1,0,0,0,0,0,0,0,14,0,1,14
1152529,,2,3,1,1,1,0,0,0,1,0,0,3,1,0,0
1152529,,1,1,1,0,0,0,0,0,0,0,0,17,0,0,0
1152529,,1,1,1,1,0,0,0,0,0,0,0,15,0,1,15
1152529,,2,1,1,1,0,0,0,0,0,0,0,10,0,1,10
1152529,,2,3,1,0,0,0,0,0,0,0,0,33,0,0,0
1152529,,1,3,1,0,0,0,0,0,0,0,0,15,0,0,0
1152529,,2,2,1,0,0,0,0,0,0,0,0,4,0,0,0
1152529,,2,2,1,1,0,0,0,0,0,0,0,6,0,1,6
1178874,,1,1,1,0,0,0,0,0,0,0,0,3,0,0,0
1178874,,2,1,4,1,0,0,0,0,0,0,0,3,0,1,3
1178874,,1,3,4,0,0,0,0,0,0,0,0,19,0,0,0
1178874,,1,2,4,0,0,0,0,0,0,0,0,5,0,0,0
1178874,,2,1,4,0,0,0,0,0,0,0,0,14,0,0,0
1178874,,1,1,4,1,0,0,0,0,0,0,0,13,0,1,13
1178874,,1,2,4,1,0,0,0,0,0,0,0,5,0,1,5
1178874,,2,1,1,0,0,0,0,0,0,0,0,3,0,0,0
1178874,,2,3,4,1,0,0,0,0,0,0,0,6,0,1,6
1178874,,1,3,4,1,1,0,0,0,1,0,0,2,1,0,0
1178874,,1,3,4,1,0,0,0,0,0,0,0,23,0,1,23
1178874,,1,1,1,1,0,0,0,0,0,0,0,2,0,1,2
1178874,,2,2,4,1,0,0,0,0,0,0,0,2,0,1,2
1178874,,1,1,4,0,0,0,0,0,0,0,0,29,0,0,0
1188874,,2,3,1,1,0,0,0,0,0,0,0,13,0,1,13
1188874,,1,2,1,1,0,0,0,0,0,0,0,8,0,1,8
1188874,,2,2,1,1,0,0,0,0,0,0,0,3,0,1,3
1188874,,2,3,1,0,0,0,0,0,0,0,0,6,0,0,0
1188874,,1,3,1,1,0,0,0,0,0,0,0,29,0,1,29
1188874,,1,1,1,1,0,0,0,0,0,0,0,18,0,1,18
1188874,,1,3,1,0,0,0,0,0,0,0,0,14,0,0,0
1188874,,2,0,1,0,0,0,0,0,0,0,0,2,0,0,0
1188874,,1,2,1,0,0,0,0,0,0,0,0,4,0,0,0
1188874,,2,1,1,0,0,0,0,0,0,0,0,18,0,0,0
1188874,,2,2,1,0,0,0,0,0,0,0,0,3,0,0,0
1188874,,1,3,1,1,1,0,0,0,1,0,0,2,1,0,0
1188874,,1,1,1,0,0,0,0,0,0,0,0,48,0,0,0
1188874,,1,0,1,0,0,0,0,0,0,0,0,2,0,0,0
1188874,,2,1,1,1,0,0,0,0,0,0,0,4,0,1,4
1188874,,1,4,1,0,0,0,0,0,0,0,0,5,0,0,0
1188875,,1,3,2,1,1,0,1,0,0,0,0,4,1,0,0
1188875,,1,2,2,1,0,0,0,0,0,0,0,4,0,1,4
1188875,,2,3,2,0,0,0,0,0,0,0,0,6,0,0,0
1188875,,1,4,2,0,0,0,0,0,0,0,0,2,0,0,0
1188875,,1,1,2,1,0,0,0,0,0,0,0,15,0,1,15
1188875,,1,3,2,0,0,0,0,0,0,0,0,14,0,0,0
1188875,,1,3,2,1,0,0,0,0,0,0,0,21,0,1,21
1188875,,2,1,2,1,0,0,0,0,0,0,0,8,0,1,8
1188875,,1,0,2,0,0,0,0,0,0,0,0,3,0,0,0
1188875,,1,1,2,0,0,0,0,0,0,0,0,33,0,0,0
1188875,,2,1,2,0,0,0,0,0,0,0,0,27,0,0,0
1188875,,2,3,2,1,0,0,0,0,0,0,0,12,0,1,12
1188875,,2,3,2,1,1,0,0,0,1,0,0,2,1,0,0
1188875,,2,2,2,1,0,0,0,0,0,0,0,7,0,1,7
1188875,,1,2,2,0,0,0,0,0,0,0,0,3,0,0,0
1188878,,2,3,4,0,0,0,0,0,0,0,0,12,0,0,0
1188878,,1,3,4,1,0,0,0,0,0,0,0,13,0,1,13
1188878,,1,3,4,1,1,0,0,0,1,0,0,2,1,0,0
1188878,,1,3,4,0,0,0,0,0,0,0,0,10,0,0,0
1188878,,1,2,4,0,0,0,0,0,0,0,0,2,0,0,0
1188878,,2,3,4,1,0,0,0,0,0,0,0,7,0,1,7
1188878,,1,1,4,0,1,0,1,0,0,0,0,2,1,0,0
1188878,,1,2,4,1,0,0,0,0,0,0,0,4,0,1,4
1188878,,2,1,4,1,0,0,0,0,0,0,0,6,0,1,6
1188878,,1,1,4,0,0,0,0,0,0,0,0,13,0,0,0
1188878,,2,2,4,1,0,0,0,0,0,0,0,4,0,1,4
1188878,,1,1,4,1,0,0,0,0,0,0,0,9,0,1,9
1188878,,2,1,4,1,1,0,1,0,0,0,0,2,1,0,0
1188878,,2,4,4,0,0,0,0,0,0,0,0,3,0,0,0
1188878,,1,3,4,1,1,0,1,0,0,0,0,3,1,0,0
1188878,,2,2,4,0,0,0,0,0,0,0,0,4,0,0,0
1188878,,2,1,4,0,0,0,0,0,0,0,0,29,0,0,0
1188897,,2,1,4,0,1,0,0,0,1,0,0,2,1,0,0
1188897,,2,2,4,1,0,0,0,0,0,0,0,2,0,1,2
1188897,,2,1,4,0,0,0,0,0,0,0,0,39,0,0,0
1188897,,2,3,4,1,0,0,0,0,0,0,0,18,0,1,18
1188897,,1,3,4,0,0,0,0,0,0,0,0,5,0,0,0
1188897,,1,1,4,0,0,0,0,0,0,0,0,12,0,0,0
1188897,,2,2,4,0,0,0,0,0,0,0,0,4,0,0,0
1188897,,2,3,4,0,0,0,0,0,0,0,0,15,0,0,0
1188897,,1,3,4,1,0,0,0,0,0,0,0,8,0,1,8
1188897,,2,0,4,0,0,0,0,0,0,0,0,1,0,0,0
1188897,,2,1,4,1,0,0,0,0,0,0,0,7,0,1,7
1188897,,1,1,4,1,0,0,0,0,0,0,0,5,0,1,5
1293028,,2,5,4,0,1,1,1,0,0,1,0,6,1,0,0
1293028,,2,5,4,1,1,1,0,0,0,1,0,11,1,0,0
1293028,,1,3,4,0,1,1,0,0,1,0,0,5,1,0,0
1293028,,1,3,4,0,0,0,0,0,0,0,0,6,0,0,0
1293028,,1,3,4,0,1,1,0,0,0,0,0,2,1,0,0
1293028,,1,2,4,0,0,0,0,0,0,0,0,4,0,0,0
1293028,,1,2,4,0,1,1,0,0,0,0,0,2,1,0,0
1293028,,2,5,4,0,1,1,0,0,0,1,0,3,1,0,0
1293028,,2,2,4,0,1,1,0,0,1,0,0,2,1,0,0
1293028,,1,3,4,1,0,0,0,0,0,0,0,2,0,1,2
1293028,,1,1,4,0,0,0,0,0,0,0,0,2,0,0,0
1293028,,2,5,4,0,1,1,0,0,1,1,0,4,1,0,0
1293028,,1,1,4,0,1,1,0,0,0,0,0,2,1,0,0
1293028,,2,3,4,0,0,0,0,0,0,0,0,2,0,0,0
1295548,,2,2,1,1,0,0,0,0,0,0,0,2,0,1,2
1295548,,1,3,1,1,0,0,0,0,0,0,0,6,0,1,6
1295548,,2,1,1,0,0,0,0,0,0,0,0,9,0,0,0
1295548,,1,5,1,1,1,0,0,0,0,1,0,2,1,0,0
1295548,,1,1,1,1,0,0,0,0,0,0,0,8,0,1,8
1295548,,2,3,1,0,0,0,0,0,0,0,0,3,0,0,0
1295548,,1,1,1,0,0,0,0,0,0,0,0,13,0,0,0
1295548,,1,3,1,0,0,0,0,0,0,0,0,10,0,0,0
1295548,,1,2,1,1,0,0,0,0,0,0,0,2,0,1,2
1300254,,1,1,4,0,0,0,0,0,0,0,0,27,0,0,0
1300254,,2,3,4,0,1,1,0,0,0,0,0,2,1,0,0
1300254,,1,3,4,1,1,1,0,0,0,0,0,5,1,0,0
1300254,,1,2,4,0,0,0,0,0,0,0,0,2,0,0,0
1300254,,2,3,4,1,0,0,0,0,0,0,0,19,0,1,19
1300254,,2,1,4,0,0,0,0,0,0,0,0,58,0,0,0
1300254,,1,1,4,1,0,0,0,0,0,0,0,9,0,1,9
1300254,,1,3,4,1,1,0,1,0,0,0,0,2,1,0,0
1300254,,1,3,4,0,0,0,0,0,0,0,0,13,0,0,0
1300254,,2,1,4,1,0,0,0,0,0,0,0,9,0,1,9
1300254,,2,3,4,0,0,0,0,0,0,0,0,25,0,0,0
1300254,,2,2,4,1,0,0,0,0,0,0,0,6,0,1,6
1300254,,2,3,4,1,1,1,0,0,0,0,0,3,1,0,0
1300254,,1,3,4,1,0,0,0,0,0,0,0,11,0,1,11
1300254,,1,3,4,1,1,1,0,0,1,0,0,2,1,0,0
1300254,,2,0,4,0,0,0,0,0,0,0,0,5,0,0,0
1304557,,2,2,2,0,0,0,0,0,0,0,0,2,0,0,0
1304557,,2,3,2,1,0,0,0,0,0,0,0,9,0,1,9
1304557,,1,2,2,0,0,0,0,0,0,0,0,2,0,0,0
1304557,,1,3,2,0,0,0,0,0,0,0,0,4,0,0,0
1304557,,2,1,2,1,0,0,0,0,0,0,0,8,0,1,8
1304557,,1,3,2,1,0,0,0,0,0,0,0,4,0,1,4
1304557,,2,1,2,0,0,0,0,0,0,0,0,8,0,0,0
1304557,,1,2,2,1,0,0,0,0,0,0,0,2,0,1,2
1304557,,2,3,2,1,1,0,0,0,1,0,0,2,1,0,0
1304557,,1,1,2,1,0,0,0,0,0,0,0,6,0,1,6
1304557,,1,1,2,0,0,0,0,0,0,0,0,5,0,0,0
1304557,,2,3,2,0,0,0,0,0,0,0,0,6,0,0,0
1304557,,2,2,2,1,1,0,0,0,0,1,0,2,1,0,0
1304557,,2,4,2,1,0,0,0,0,0,0,0,2,0,1,2
1313290,,2,3,4,0,0,0,0,0,0,0,0,17,0,0,0
1313290,,1,2,4,1,1,1,0,0,0,0,0,2,1,0,0
1313290,,2,1,4,0,0,0,0,0,0,0,0,37,0,0,0
1313290,,1,2,4,1,0,0,0,0,0,0,0,4,0,1,4
1313290,,1,3,4,0,1,1,1,0,0,0,0,2,1,0,0
1313290,,1,1,4,1,1,1,0,0,0,0,0,2,1,0,0
1313290,,1,3,4,0,0,0,0,0,0,0,0,10,0,0,0
1313290,,1,1,4,1,0,0,0,0,0,0,0,6,0,1,6
1313290,,1,0,4,0,0,0,0,0,0,0,0,2,0,0,0
1313290,,1,1,4,0,0,0,0,0,0,0,0,22,0,0,0
1313290,,1,3,4,1,1,1,1,0,0,0,0,3,1,0,0
1313290,,2,3,4,1,0,0,0,0,0,0,0,10,0,1,10
1313290,,1,3,4,1,0,0,0,0,0,0,0,15,0,1,15
1313290,,2,3,4,1,1,1,1,0,0,0,0,2,1,0,0
1313290,,2,2,4,1,0,0,0,0,0,0,0,7,0,1,7
1313290,,2,4,4,0,0,0,0,0,0,0,0,2,0,0,0
1313290,,1,2,4,1,1,1,0,0,1,0,0,2,1,0,0
1313290,,2,1,4,1,0,0,0,0,0,0,0,17,0,1,17
1313290,,1,2,4,0,0,0,0,0,0,0,0,3,0,0,0
1313291,,2,3,4,1,0,0,0,0,0,0,0,7,0,1,7
1313291,,2,3,4,0,0,0,0,0,0,0,0,20,0,0,0
1313291,,2,1,4,0,0,0,0,0,0,0,0,37,0,0,0
1313291,,1,1,4,0,0,0,0,0,0,0,0,11,0,0,0
1313291,,2,1,4,1,0,0,0,0,0,0,0,15,0,1,15
1313291,,1,2,4,1,0,0,0,0,0,0,0,5,0,1,5
1313291,,2,2,4,0,0,0,0,0,0,0,0,4,0,0,0
1313291,,2,1,4,1,1,1,0,0,0,0,0,2,1,0,0
1313291,,2,3,4,1,1,1,0,0,1,0,0,2,1,0,0
1313291,,2,2,4,1,0,0,0,0,0,0,0,5,0,1,5
1313291,,1,1,4,1,0,0,0,0,0,0,0,4,0,1,4
1313291,,2,1,4,0,1,1,0,0,1,0,0,2,1,0,0
1313291,,1,3,4,1,0,0,0,0,0,0,0,9,0,1,9
1313291,,1,3,4,0,0,0,0,0,0,0,0,6,0,0,0
1314314,,1,1,3,1,0,0,0,0,0,0,0,7,0,1,7
1314314,,1,3,3,0,0,0,0,0,0,0,0,16,0,0,0
1314314,,2,1,3,0,0,0,0,0,0,0,0,7,0,0,0
1314314,,1,2,3,1,1,0,0,0,1,1,0,2,1,0,0
1314314,,1,2,3,0,0,0,0,0,0,0,0,8,0,0,0
1314314,,1,1,3,0,0,0,0,0,0,0,0,24,0,0,0
1314314,,2,3,3,0,0,0,0,0,0,0,0,5,0,0,0
1314314,,1,2,3,1,1,0,0,0,0,1,0,2,1,0,0
1314314,,1,2,3,1,0,0,0,0,0,0,0,8,0,1,8
1314314,,1,3,3,1,0,0,0,0,0,0,0,17,0,1,17
1314314,,2,3,3,1,0,0,0,0,0,0,0,7,0,1,7
1314314,,1,3,3,0,1,0,0,0,0,1,0,2,1,0,0
1315863,,2,3,4,0,0,0,0,0,0,0,0,6,0,0,0
1315863,,2,1,4,0,0,0,0,0,0,0,0,11,0,0,0
1315863,,1,2,4,0,0,0,0,0,0,0,0,2,0,0,0
1315863,,1,0,4,1,0,0,0,0,0,0,0,2,0,1,2
1315863,,1,3,4,1,0,0,0,0,0,0,0,9,0,1,9
1315863,,1,1,4,0,1,1,1,0,0,0,0,3,1,0,0
1315863,,1,1,4,0,0,0,0,0,0,0,0,28,0,0,0
1315863,,1,2,4,1,0,0,0,0,0,0,0,2,0,1,2
1315863,,1,3,4,1,1,1,1,0,0,0,0,4,1,0,0
1315863,,2,1,4,1,0,0,0,0,0,0,0,3,0,1,3
1315863,,2,3,4,1,1,1,1,0,0,0,0,2,1,0,0
1315863,,1,1,4,1,0,0,0,0,0,0,0,10,0,1,10
1315863,,2,3,4,1,0,0,0,0,0,0,0,3,0,1,3
1315863,,1,1,4,1,1,1,1,0,0,0,0,3,1,0,0
1315863,,1,3,4,1,1,1,0,0,0,0,0,2,1,0,0
1315863,,1,3,4,0,0,0,0,0,0,0,0,14,0,0,0
1315863,,1,2,4,1,1,1,0,0,1,0,0,2,1,0,0
1315863,,2,3,4,0,1,1,1,0,0,0,0,2,1,0,0
1495673,,1,3,4,1,1,0,1,0,0,0,0,2,1,0,0
1495673,,2,3,4,1,0,0,0,0,0,0,0,27,0,1,27
1495673,,2,3,4,0,0,0,0,0,0,0,0,15,0,0,0
1495673,,2,2,4,1,0,0,0,0,0,0,0,11,0,1,11
1495673,,1,1,4,0,0,0,0,0,0,0,0,5,0,0,0
1495673,,2,1,4,0,0,0,0,0,0,0,0,64,0,0,0
1495673,,1,3,4,1,0,0,0,0,0,0,0,6,0,1,6
1495673,,2,1,4,1,0,0,0,0,0,0,0,17,0,1,17
1495673,,1,1,4,1,0,0,0,0,0,0,0,8,0,1,8
1495673,,1,3,4,0,0,0,0,0,0,0,0,6,0,0,0
1594433,,2,1,4,1,0,0,0,0,0,0,0,6,0,1,6
1594433,,2,1,4,0,0,0,0,0,0,0,0,23,0,0,0
1594433,,2,3,4,1,0,0,0,0,0,0,0,6,0,1,6
1594433,,1,3,4,0,0,0,0,0,0,0,0,6,0,0,0
1594433,,2,3,4,0,0,0,0,0,0,0,0,11,0,0,0
1594433,,2,2,4,1,1,1,0,0,0,0,0,2,1,0,0
1594433,,1,1,4,1,0,0,0,0,0,0,0,2,0,1,2
1594433,,2,2,4,1,0,0,0,0,0,0,0,2,0,1,2
1594433,,1,1,4,0,0,0,0,0,0,0,0,4,0,0,0
1594433,,1,3,4,1,0,0,0,0,0,0,0,5,0,1,5
1595472,,1,2,4,0,0,0,0,0,0,0,0,3,0,0,0
1595472,,1,3,4,1,0,0,0,0,0,0,0,16,0,1,16
1595472,,1,2,4,1,1,0,0,0,0,1,0,2,1,0,0
1595472,,1,5,4,1,1,0,0,0,0,1,0,2,1,0,0
1595472,,1,2,4,1,0,0,0,0,0,0,0,3,0,1,3
1595472,,2,1,4,1,0,0,0,0,0,0,0,2,0,1,2
1595472,,1,3,4,1,1,0,1,0,0,0,0,2,1,0,0
1595472,,1,3,4,0,0,0,0,0,0,0,0,7,0,0,0
1595472,,1,1,4,1,0,0,0,0,0,0,0,9,0,1,9
1595472,,2,3,4,1,0,0,0,0,0,0,0,7,0,1,7
1595472,,1,1,4,0,0,0,0,0,0,0,0,21,0,0,0
1595472,,2,1,4,0,0,0,0,0,0,0,0,7,0,0,0
1595700,,1,2,3,1,0,0,0,0,0,0,0,5,0,1,5
1595700,,1,3,3,0,1,1,0,0,1,0,0,2,1,0,0
1595700,,1,3,3,1,1,0,0,0,0,1,0,3,1,0,0
1595700,,2,3,3,1,0,0,0,0,0,0,0,2,0,1,2
1595700,,1,3,3,0,0,0,0,0,0,0,0,6,0,0,0
1595700,,1,2,3,1,1,1,0,0,1,0,0,2,1,0,0
1595700,,1,1,3,1,0,0,0,0,0,0,0,3,0,1,3
1595700,,1,3,3,1,0,0,0,0,0,0,0,7,0,1,7
1595700,,1,1,3,0,0,0,0,0,0,0,0,12,0,0,0
1595700,,1,1,3,1,1,1,0,0,0,0,0,2,1,0,0
1595700,,1,3,3,0,1,0,0,0,0,1,0,2,1,0,0
1602381,,1,3,0,1,0,0,0,0,0,0,0,13,0,1,13
1602381,,2,3,0,0,0,0,0,0,0,0,0,6,0,0,0
1602381,,1,0,0,0,0,0,0,0,0,0,0,7,0,0,0
1602381,,1,2,0,1,0,0,0,0,0,0,0,3,0,1,3
1602381,,1,3,0,0,0,0,0,0,0,0,0,15,0,0,0
1602381,,2,1,0,1,0,0,0,0,0,0,0,2,0,1,2
1602381,,2,2,0,1,0,0,0,0,0,0,0,2,0,1,2
1602381,,1,0,0,1,0,0,0,0,0,0,0,2,0,1,2
1602381,,1,2,0,0,0,0,0,0,0,0,0,5,0,0,0
1602381,,2,3,0,1,0,0,0,0,0,0,0,6,0,1,6
1602381,,2,1,0,0,0,0,0,0,0,0,0,9,0,0,0
1602381,,1,1,0,0,0,0,0,0,0,0,0,24,0,0,0
1602381,,1,1,0,1,0,0,0,0,0,0,0,3,0,1,3
1617067,,1,1,3,0,0,0,0,0,0,0,0,4,0,0,0
1617069,,2,1,3,0,0,0,0,0,0,0,0,2,0,0,0
1617069,,2,3,3,1,0,0,0,0,0,0,0,2,0,1,2
1617069,,2,1,3,1,0,0,0,0,0,0,0,3,0,1,3
1617069,,2,2,3,0,0,0,0,0,0,0,0,2,0,0,0
1617069,,2,3,3,0,0,0,0,0,0,0,0,5,0,0,0
1617128,,1,1,3,0,0,0,0,0,0,0,0,2,0,0,0
1617128,,2,1,3,0,0,0,0,0,0,0,0,2,0,0,0
1634493,,2,3,0,0,0,0,0,0,0,0,0,30,0,0,0
1634493,,1,0,0,1,0,0,0,0,0,0,0,2,0,1,2
1634493,,1,2,0,0,0,0,0,0,0,0,0,2,0,0,0
1634493,,1,3,0,1,0,0,0,0,0,0,0,9,0,1,9
1634493,,2,2,0,1,0,0,0,0,0,0,0,4,0,1,4
1634493,,1,1,0,1,0,0,0,0,0,0,0,6,0,1,6
1634493,,2,0,0,1,0,0,0,0,0,0,0,2,0,1,2
1634493,,2,0,0,0,0,0,0,0,0,0,0,8,0,0,0
1634493,,1,3,0,0,0,0,0,0,0,0,0,14,0,0,0
1634493,,1,0,0,0,0,0,0,0,0,0,0,8,0,0,0
1634493,,2,4,0,0,0,0,0,0,0,0,0,2,0,0,0
1634493,,2,1,0,0,0,0,0,0,0,0,0,41,0,0,0
1634493,,2,2,0,0,0,0,0,0,0,0,0,8,0,0,0
1634493,,1,1,0,0,0,0,0,0,0,0,0,26,0,0,0
1634493,,2,1,0,1,0,0,0,0,0,0,0,6,0,1,6
1634493,,1,2,0,1,0,0,0,0,0,0,0,4,0,1,4
1634493,,2,3,0,1,0,0,0,0,0,0,0,11,0,1,11
1660631,,2,1,0,0,0,0,0,0,0,0,0,3,0,0,0
1660631,,1,1,0,0,0,0,0,0,0,0,0,4,0,0,0
1660631,,2,2,0,1,0,0,0,0,0,0,0,2,0,1,2
1660631,,1,3,0,1,0,0,0,0,0,0,0,2,0,1,2
1660631,,1,2,0,1,0,0,0,0,0,0,0,2,0,1,2
1660631,,1,1,0,1,0,0,0,0,0,0,0,4,0,1,4
1664262,,1,1,2,0,0,0,0,0,0,0,0,2,0,0,0
1664262,,2,2,2,1,0,0,0,0,0,0,0,2,0,1,2
1664262,,2,3,2,1,0,0,0,0,0,0,0,7,0,1,7
1664262,,2,1,2,0,0,0,0,0,0,0,0,8,0,0,0
1664262,,2,1,2,1,0,0,0,0,0,0,0,3,0,1,3
5000922,,2,1,1,1,0,0,0,0,0,0,0,4,0,1,4
5000922,,2,2,1,0,0,0,0,0,0,0,0,2,0,0,0
5000922,,1,1,1,0,0,0,0,0,0,0,0,28,0,0,0
5000922,,2,3,1,1,0,0,0,0,0,0,0,7,0,1,7
5000922,,2,2,1,1,0,0,0,0,0,0,0,3,0,1,3
5000922,,1,2,1,1,0,0,0,0,0,0,0,2,0,1,2
5000922,,2,1,1,0,0,0,0,0,0,0,0,9,0,0,0
5000922,,1,3,1,1,0,0,0,0,0,0,0,11,0,1,11
5000922,,2,3,1,0,0,0,0,0,0,0,0,11,0,0,0
5000922,,1,2,1,0,0,0,0,0,0,0,0,2,0,0,0
5000922,,1,0,1,0,0,0,0,0,0,0,0,2,0,0,0
5000922,,1,3,1,0,0,0,0,0,0,0,0,11,0,0,0
5000922,,1,1,1,1,0,0,0,0,0,0,0,4,0,1,4
5000922,,1,3,1,1,1,0,0,0,0,1,0,3,1,0,0
5000924,,2,1,1,1,0,0,0,0,0,0,0,6,0,1,6
5000924,,2,3,1,0,0,0,0,0,0,0,0,16,0,0,0
5000924,,1,1,1,0,0,0,0,0,0,0,0,18,0,0,0
5000924,,1,1,1,1,0,0,0,0,0,0,0,9,0,1,9
5000924,,1,3,1,1,0,0,0,0,0,0,0,4,0,1,4
5000924,,2,3,1,1,0,0,0,0,0,0,0,6,0,1,6
5000924,,2,1,1,0,0,0,0,0,0,0,0,15,0,0,0
5000924,,1,2,1,1,0,0,0,0,0,0,0,2,0,1,2
5000924,,1,3,1,0,0,0,0,0,0,0,0,3,0,0,0
5000925,,2,1,2,0,0,0,0,0,0,0,0,15,0,0,0
5000925,,2,3,2,0,0,0,0,0,0,0,0,10,0,0,0
5000925,,1,3,2,1,0,0,0,0,0,0,0,5,0,1,5
5000925,,1,1,2,1,0,0,0,0,0,0,0,5,0,1,5
5000925,,1,2,2,1,0,0,0,0,0,0,0,2,0,1,2
5000925,,2,2,2,1,0,0,0,0,0,0,0,2,0,1,2
5000925,,1,1,2,0,0,0,0,0,0,0,0,5,0,0,0
5000925,,2,1,2,1,0,0,0,0,0,0,0,10,0,1,10
5000925,,2,3,2,1,0,0,0,0,0,0,0,10,0,1,10
5001241,,2,1,3,1,0,0,0,0,0,0,0,19,0,1,19
5001241,,1,3,3,1,0,0,0,0,0,0,0,12,0,1,12
5001241,,2,3,3,0,0,0,0,0,0,0,0,14,0,0,0
5001241,,1,3,3,0,0,0,0,0,0,0,0,9,0,0,0
5001241,,1,1,3,1,1,1,0,0,1,0,0,4,1,0,0
5001241,,1,1,3,0,0,0,0,0,0,0,0,13,0,0,0
5001241,,1,1,3,1,0,0,0,0,0,0,0,7,0,1,7
5001241,,1,3,3,1,1,1,0,0,1,0,0,3,1,0,0
5001241,,2,2,3,1,0,0,0,0,0,0,0,2,0,1,2
5001241,,2,3,3,1,0,0,0,0,0,0,0,20,0,1,20
5001241,,1,2,3,1,0,0,0,0,0,0,0,5,0,1,5
5001241,,2,2,3,0,0,0,0,0,0,0,0,3,0,0,0
5001241,,2,1,3,0,0,0,0,0,0,0,0,14,0,0,0
5001248,,1,3,3,0,0,0,0,0,0,0,0,4,0,0,0
5001248,,2,3,3,0,0,0,0,0,0,0,0,4,0,0,0
5001637,,2,3,4,1,0,0,0,0,0,0,0,33,0,1,33
5001637,,2,2,4,0,0,0,0,0,0,0,0,2,0,0,0
5001637,,2,0,4,0,0,0,0,0,0,0,0,2,0,0,0
5001637,,2,2,4,1,0,0,0,0,0,0,0,8,0,1,8
5001637,,1,1,4,0,0,0,0,0,0,0,0,13,0,0,0
5001637,,1,1,4,1,0,0,0,0,0,0,0,14,0,1,14
5001637,,1,2,4,1,0,0,0,0,0,0,0,6,0,1,6
5001637,,1,3,4,0,0,0,0,0,0,0,0,6,0,0,0
5001637,,2,4,4,0,0,0,0,0,0,0,0,2,0,0,0
5001637,,1,3,4,1,1,0,0,0,1,0,0,2,1,0,0
5001637,,1,2,4,1,1,0,0,0,0,1,0,2,1,0,0
5001637,,1,3,4,1,0,0,0,0,0,0,0,13,0,1,13
5001637,,2,3,4,0,0,0,0,0,0,0,0,25,0,0,0
5001637,,2,5,4,1,1,0,0,0,0,1,0,2,1,0,0
5001637,,2,1,4,0,0,0,0,0,0,0,0,42,0,0,0
5001637,,2,1,4,1,0,0,0,0,0,0,0,26,0,1,26
5001637,,2,2,4,1,1,0,1,0,0,0,0,2,1,0,0
