ID_CURSO,ID_SEXO,ID_RACA,ID_TURNO,IN_ACAO_AFIRMATIVA,IN_APOIO_SOCIAL,IN_APOIO_ALIMENTACAO,IN_APOIO_MORADIA,IN_APOIO_TRANSPORTE,IN_APOIO_MATERIAL_DIDATICO,IN_APOIO_BOLSA_PERMANENCIA,IN_APOIO_BOLSA_TRABALHO,TOTAL_ALUNOS,RECEBE_AUXILIO,IDPNA,TOTAL_IDPNA
13394,1,1,4,0,0,0,0,0,0,0,0,12,0,0,0
13394,2,3,3,1,1,1,0,0,0,0,0,4,1,0,0
13394,2,3,4,1,1,1,0,0,0,0,0,6,1,0,0
13394,1,2,4,0,0,0,0,0,0,0,0,2,0,0,0
13394,2,1,4,1,1,0,0,0,0,1,0,3,1,0,0
13394,1,3,3,1,1,1,0,0,0,0,0,2,1,0,0
13394,1,1,4,1,0,0,0,0,0,0,0,22,0,1,22
13394,2,1,4,1,0,0,0,0,0,0,0,46,0,1,46
13394,2,3,4,0,0,0,0,0,0,0,0,23,0,0,0
13394,2,1,3,1,0,0,0,0,0,0,0,3,0,1,3
13394,2,0,3,0,0,0,0,0,0,0,0,4,0,0,0
13394,2,3,4,0,1,1,0,0,0,0,0,2,1,0,0
13394,1,3,4,1,1,1,0,0,0,0,0,3,1,0,0
13394,2,3,4,1,1,0,0,0,0,1,0,3,1,0,0
13394,1,1,4,1,1,1,0,0,0,0,0,3,1,0,0
13394,2,0,4,0,0,0,0,0,0,0,0,8,0,0,0
13394,2,0,4,1,1,0,0,0,0,1,0,2,1,0,0
13394,2,0,4,1,0,0,0,0,0,0,0,7,0,1,7
13394,2,3,4,1,0,0,0,0,0,0,0,60,0,1,60
13394,1,2,4,1,0,0,0,0,0,0,0,12,0,1,12
13394,1,3,3,1,0,0,0,0,0,0,0,12,0,1,12
13394,1,3,4,1,0,0,0,0,0,0,0,28,0,1,28
13394,2,4,4,1,0,0,0,0,0,0,0,2,0,1,2
13394,1,1,3,0,0,0,0,0,0,0,0,7,0,0,0
13394,2,2,3,0,0,0,0,0,0,0,0,2,0,0,0
13394,1,3,4,1,1,1,1,0,0,0,0,2,1,0,0
13394,1,3,4,0,0,0,0,0,0,0,0,6,0,0,0
13394,1,3,4,0,1,1,0,0,0,0,0,2,1,0,0
13394,2,3,4,0,1,0,0,0,0,1,0,2,1,0,0
13394,2,1,3,0,0,0,0,0,0,0,0,21,0,0,0
13394,1,0,4,0,0,0,0,0,0,0,0,2,0,0,0
13394,2,2,4,1,0,0,0,0,0,0,0,9,0,1,9
13394,1,1,4,1,1,0,0,0,0,1,0,2,1,0,0
13394,2,2,4,0,0,0,0,0,0,0,0,7,0,0,0
13394,2,1,4,0,0,0,0,0,0,0,0,45,0,0,0
13394,2,3,3,1,0,0,0,0,0,0,0,15,0,1,15
13394,2,3,3,0,0,0,0,0,0,0,0,22,0,0,0
13394,2,2,3,1,0,0,0,0,0,0,0,4,0,1,4
13394,2,3,4,1,1,0,0,0,0,0,1,3,1,0,0
13394,1,3,3,0,0,0,0,0,0,0,0,4,0,0,0
13394,1,1,4,0,1,0,0,0,0,1,0,2,1,0,0
13394,1,0,4,1,0,0,0,0,0,0,0,4,0,1,4
13394,1,1,3,1,0,0,0,0,0,0,0,2,0,1,2
13394,1,4,4,1,0,0,0,0,0,0,0,3,0,1,3
13395,2,1,1,0,0,0,0,0,0,0,0,19,0,0,0
13395,2,1,1,0,1,0,0,0,0,1,0,2,1,0,0
13395,1,2,1,0,0,0,0,0,0,0,0,6,0,0,0
13395,2,0,3,0,0,0,0,0,0,0,0,4,0,0,0
13395,1,1,1,0,0,0,0,0,0,0,0,25,0,0,0
13395,1,1,1,1,1,0,0,0,0,1,0,3,1,0,0
13395,1,3,1,1,1,1,0,0,0,0,0,6,1,0,0
13395,1,0,1,1,1,0,0,0,0,1,0,2,1,0,0
13395,2,2,3,1,0,0,0,0,0,0,0,15,0,1,15
13395,1,0,1,1,0,0,0,0,0,0,0,12,0,1,12
13395,2,0,1,1,0,0,0,0,0,0,0,7,0,1,7
13395,2,2,1,0,0,0,0,0,0,0,0,6,0,0,0
13395,1,3,1,1,0,0,0,0,0,0,0,56,0,1,56
13395,1,2,1,1,0,0,0,0,0,0,0,10,0,1,10
13395,1,1,3,1,1,1,0,0,0,0,0,3,1,0,0
13395,1,2,3,1,0,0,0,0,0,0,0,15,0,1,15
13395,1,5,3,1,0,0,0,0,0,0,0,2,0,1,2
13395,1,2,3,0,0,0,0,0,0,0,0,7,0,0,0
13395,1,3,3,0,0,0,0,0,0,0,0,26,0,0,0
13395,2,0,1,0,0,0,0,0,0,0,0,10,0,0,0
13395,1,1,3,0,0,0,0,0,0,0,0,20,0,0,0
13395,1,3,3,1,0,0,0,0,0,0,0,66,0,1,66
13395,2,3,1,1,0,0,0,0,0,0,0,56,0,1,56
13395,1,1,1,1,0,0,0,0,0,0,0,26,0,1,26
13395,1,0,3,1,0,0,0,0,0,0,0,10,0,1,10
13395,2,1,1,1,1,0,0,0,0,1,0,2,1,0,0
13395,2,1,1,1,0,0,0,0,0,0,0,42,0,1,42
13395,1,3,1,0,1,0,0,0,0,1,0,2,1,0,0
13395,2,3,3,0,0,0,0,0,0,0,0,29,0,0,0
13395,2,1,3,1,0,0,0,0,0,0,0,41,0,1,41
13395,2,3,1,0,0,0,0,0,0,0,0,10,0,0,0
13395,1,1,3,1,0,0,0,0,0,0,0,25,0,1,25
13395,2,1,3,0,0,0,0,0,0,0,0,38,0,0,0
13395,1,3,1,0,0,0,0,0,0,0,0,19,0,0,0
13395,2,2,1,1,0,0,0,0,0,0,0,4,0,1,4
13395,2,0,3,1,0,0,0,0,0,0,0,11,0,1,11
13395,2,3,1,1,1,1,0,0,0,0,0,6,1,0,0
13395,2,2,3,0,0,0,0,0,0,0,0,6,0,0,0
13395,1,0,1,0,0,0,0,0,0,0,0,9,0,0,0
13395,2,3,3,1,0,0,0,0,0,0,0,65,0,1,65
13395,1,4,3,1,0,0,0,0,0,0,0,3,0,1,3
13395,1,1,1,1,1,1,0,0,0,1,0,2,1,0,0
13396,1,0,3,0,0,0,0,0,0,0,0,20,0,0,0
13396,1,3,3,1,1,1,0,0,0,0,0,4,1,0,0
13396,1,4,3,1,0,0,0,0,0,0,0,5,0,1,5
13396,2,3,3,0,0,0,0,0,0,0,0,37,0,0,0
13396,2,1,3,1,0,0,0,0,0,0,0,23,0,1,23
13396,1,3,3,1,1,1,0,0,0,0,1,2,1,0,0
13396,1,3,3,0,0,0,0,0,0,0,0,48,0,0,0
13396,2,1,3,0,0,0,0,0,0,0,0,28,0,0,0
13396,1,3,3,0,1,0,0,0,0,0,1,4,1,0,0
13396,2,2,3,1,0,0,0,0,0,0,0,8,0,1,8
13396,1,5,3,0,0,0,0,0,0,0,0,2,0,0,0
13396,2,3,3,1,1,1,0,0,0,0,0,2,1,0,0
13396,1,3,3,1,0,0,0,0,0,0,0,104,0,1,104
13396,2,3,3,0,1,0,1,0,0,0,1,2,1,0,0
13396,1,1,3,1,0,0,0,0,0,0,0,47,0,1,47
13396,2,3,3,1,1,0,0,0,0,0,1,2,1,0,0
13396,2,2,3,0,0,0,0,0,0,0,0,6,0,0,0
13396,1,5,3,1,0,0,0,0,0,0,0,2,0,1,2
13396,2,0,3,0,1,0,0,0,0,0,1,2,1,0,0
13396,1,2,3,1,0,0,0,0,0,0,0,15,0,1,15
13396,2,0,3,0,0,0,0,0,0,0,0,11,0,0,0
13396,2,3,3,1,0,0,0,0,0,0,0,58,0,1,58
13396,1,1,3,0,0,0,0,0,0,0,0,51,0,0,0
13396,1,2,3,0,0,0,0,0,0,0,0,8,0,0,0
13396,1,1,3,1,1,1,0,0,0,0,0,2,1,0,0
13396,1,3,3,1,1,0,0,0,0,1,0,3,1,0,0
13396,1,3,3,1,1,0,0,0,0,0,1,4,1,0,0
13396,2,3,3,0,1,1,0,0,0,0,0,1,1,0,0
13396,2,0,3,1,0,0,0,0,0,0,0,14,0,1,14
13396,1,0,3,1,0,0,0,0,0,0,0,16,0,1,16
13396,2,1,3,0,1,0,0,0,0,1,0,2,1,0,0
13397,1,1,3,0,0,0,0,0,0,0,0,35,0,0,0
13397,2,1,3,1,0,0,0,0,0,0,0,64,0,1,64
13397,2,1,3,0,1,0,0,0,0,0,1,2,1,0,0
13397,1,1,3,0,1,1,0,0,0,0,0,3,1,0,0
13397,1,3,3,0,0,0,0,0,0,0,0,45,0,0,0
13397,2,2,3,0,0,0,0,0,0,0,0,18,0,0,0
13397,1,3,3,1,1,0,0,0,0,1,0,2,1,0,0
13397,2,2,1,0,0,0,0,0,0,0,0,6,0,0,0
13397,2,0,1,0,0,0,0,0,0,0,0,22,0,0,0
13397,2,4,3,1,0,0,0,0,0,0,0,2,0,1,2
13397,2,1,3,1,1,1,1,0,0,0,0,3,1,0,0
13397,1,2,1,0,0,0,0,0,0,0,0,5,0,0,0
13397,1,3,1,0,1,1,1,0,0,0,0,2,1,0,0
13397,2,3,3,0,0,0,0,0,0,0,0,87,0,0,0
13397,1,3,1,0,0,0,0,0,0,0,0,31,0,0,0
13397,2,2,1,1,0,0,0,0,0,0,0,11,0,1,11
13397,1,3,1,1,1,1,0,0,0,0,0,4,1,0,0
13397,2,0,3,1,0,0,0,0,0,0,0,15,0,1,15
13397,1,2,1,1,0,0,0,0,0,0,0,11,0,1,11
13397,2,4,1,0,0,0,0,0,0,0,0,2,0,0,0
13397,2,3,3,1,0,0,0,0,0,0,0,158,0,1,158
13397,2,3,3,0,1,1,0,0,0,0,0,2,1,0,0
13397,2,3,1,0,0,0,0,0,0,0,0,47,0,0,0
13397,1,1,1,0,0,0,0,0,0,0,0,44,0,0,0
13397,1,0,1,1,0,0,0,0,0,0,0,21,0,1,21
13397,1,0,3,1,0,0,0,0,0,0,0,16,0,1,16
13397,2,3,3,1,1,1,0,0,0,0,0,4,1,0,0
13397,2,1,3,1,1,1,0,0,0,0,0,3,1,0,0
13397,1,0,1,0,0,0,0,0,0,0,0,18,0,0,0
13397,1,3,3,1,0,0,0,0,0,0,0,118,0,1,118
13397,2,1,1,0,0,0,0,0,0,0,0,48,0,0,0
13397,1,1,1,1,0,0,0,0,0,0,0,52,0,1,52
13397,1,3,3,1,1,1,0,0,0,0,0,2,1,0,0
13397,2,1,1,1,0,0,0,0,0,0,0,39,0,1,39
13397,2,0,3,0,0,0,0,0,0,0,0,17,0,0,0
13397,1,2,3,1,0,0,0,0,0,0,0,4,0,1,4
13397,1,2,3,0,0,0,0,0,0,0,0,6,0,0,0
13397,1,3,1,1,1,0,0,0,0,1,0,2,1,0,0
13397,2,1,3,0,0,0,0,0,0,0,0,88,0,0,0
13397,2,2,3,1,0,0,0,0,0,0,0,23,0,1,23
13397,2,4,3,0,0,0,0,0,0,0,0,2,0,0,0
13397,1,1,3,1,0,0,0,0,0,0,0,44,0,1,44
13397,1,1,1,1,1,0,0,0,0,1,0,4,1,0,0
13397,2,0,1,1,0,0,0,0,0,0,0,23,0,1,23
13397,1,1,3,1,1,1,0,0,0,0,0,3,1,0,0
13397,1,4,1,1,0,0,0,0,0,0,0,3,0,1,3
13397,1,3,3,0,1,0,0,0,0,1,0,2,1,0,0
13397,2,3,1,1,1,0,0,0,0,1,0,2,1,0,0
13397,1,3,1,1,0,0,0,0,0,0,0,113,0,1,113
13397,2,3,1,1,0,0,0,0,0,0,0,115,0,1,115
13397,1,0,3,0,0,0,0,0,0,0,0,5,0,0,0
13397,2,3,1,1,1,1,0,0,0,0,0,2,1,0,0
13398,2,3,3,1,0,0,0,0,0,0,0,118,0,1,118
13398,1,0,3,1,0,0,0,0,0,0,0,8,0,1,8
13398,1,0,3,0,0,0,0,0,0,0,0,12,0,0,0
13398,2,1,1,0,1,0,0,0,0,1,0,4,1,0,0
13398,2,3,1,1,1,1,0,0,0,0,0,2,1,0,0
13398,2,2,1,0,0,0,0,0,0,0,0,6,0,0,0
13398,2,3,1,1,0,0,0,0,0,0,0,71,0,1,71
13398,1,2,1,1,0,0,0,0,0,0,0,12,0,1,12
13398,2,1,3,0,0,0,0,0,0,0,0,43,0,0,0
13398,2,0,1,1,0,0,0,0,0,0,0,8,0,1,8
13398,1,0,1,1,0,0,0,0,0,0,0,17,0,1,17
13398,2,0,1,0,0,0,0,0,0,0,0,3,0,0,0
13398,1,3,3,1,1,1,0,0,0,0,0,2,1,0,0
13398,1,1,3,0,1,0,0,0,0,0,1,2,1,0,0
13398,2,3,1,0,1,0,0,0,0,1,0,2,1,0,0
13398,2,1,3,1,0,0,0,0,0,0,0,59,0,1,59
13398,1,1,3,0,0,0,0,0,0,0,0,48,0,0,0
13398,2,0,3,1,0,0,0,0,0,0,0,14,0,1,14
13398,2,3,3,1,1,1,0,0,0,0,0,6,1,0,0
13398,1,3,1,0,1,0,0,0,0,1,0,5,1,0,0
13398,1,3,1,0,1,1,0,0,0,0,0,3,1,0,0
13398,2,1,1,1,1,1,0,0,0,0,0,2,1,0,0
13398,2,3,1,0,0,0,0,0,0,0,0,20,0,0,0
13398,1,3,1,1,1,0,0,0,0,0,1,5,1,0,0
13398,1,3,1,0,0,0,0,0,0,0,0,24,0,0,0
13398,1,2,3,0,0,0,0,0,0,0,0,2,0,0,0
13398,1,3,3,0,1,0,0,0,0,1,0,3,1,0,0
13398,1,1,3,1,0,0,0,0,0,0,0,67,0,1,67
13398,1,3,1,1,0,0,0,0,0,0,0,70,0,1,70
13398,1,1,1,0,0,0,0,0,0,0,0,54,0,0,0
13398,2,2,3,1,1,1,0,0,0,0,0,2,1,0,0
13398,1,3,3,1,0,0,0,0,0,0,0,60,0,1,60
13398,1,0,1,0,0,0,0,0,0,0,0,4,0,0,0
13398,2,0,3,0,0,0,0,0,0,0,0,9,0,0,0
13398,2,5,3,1,0,0,0,0,0,0,0,2,0,1,2
13398,2,1,1,1,0,0,0,0,0,0,0,52,0,1,52
13398,2,2,3,0,0,0,0,0,0,0,0,6,0,0,0
13398,2,1,1,1,1,0,0,0,0,1,0,3,1,0,0
13398,1,3,3,1,1,0,0,0,0,1,1,2,1,0,0
13398,2,1,3,0,1,0,0,0,0,1,0,4,1,0,0
13398,1,3,3,1,1,0,0,0,0,1,0,2,1,0,0
13398,2,1,1,0,0,0,0,0,0,0,0,31,0,0,0
13398,2,3,3,0,0,0,0,0,0,0,0,32,0,0,0
13398,1,1,1,1,1,0,0,0,0,1,0,4,1,0,0
13398,2,2,3,1,0,0,0,0,0,0,0,9,0,1,9
13398,2,2,1,1,0,0,0,0,0,0,0,6,0,1,6
13398,2,3,3,1,1,0,0,0,0,1,0,5,1,0,0
13398,2,0,3,0,1,0,0,0,0,1,0,2,1,0,0
13398,1,1,1,1,0,0,0,0,0,0,0,93,0,1,93
13398,2,3,1,1,1,0,0,0,0,1,0,5,1,0,0
13398,1,2,3,1,0,0,0,0,0,0,0,9,0,1,9
13398,1,1,1,0,1,0,0,0,0,1,0,7,1,0,0
13398,1,3,1,1,1,0,0,0,0,1,0,5,1,0,0
13398,1,0,1,0,1,0,0,0,0,1,0,4,1,0,0
13398,2,3,3,0,1,0,0,0,0,1,0,2,1,0,0
13398,1,1,3,1,1,0,0,0,0,1,0,2,1,0,0
13398,1,3,1,1,1,1,0,0,0,0,0,7,1,0,0
13398,1,3,3,0,0,0,0,0,0,0,0,23,0,0,0
13398,1,1,3,0,1,0,0,0,0,1,0,7,1,0,0
13399,2,1,4,1,0,0,0,0,0,0,0,25,0,1,25
13399,2,1,4,0,0,0,0,0,0,0,0,22,0,0,0
13399,2,1,4,0,1,0,0,0,0,1,0,2,1,0,0
13399,1,1,4,1,1,1,0,0,0,0,0,4,1,0,0
13399,1,4,4,0,0,0,0,0,0,0,0,4,0,0,0
13399,1,1,4,0,1,0,0,0,0,0,1,2,1,0,0
13399,1,3,4,1,1,1,0,0,0,0,0,7,1,0,0
13399,2,3,4,0,1,1,0,0,0,1,0,2,1,0,0
13399,2,3,4,0,1,0,0,0,0,1,0,2,1,0,0
13399,2,2,3,0,0,0,0,0,0,0,0,2,0,0,0
13399,2,3,4,0,0,0,0,0,0,0,0,13,0,0,0
13399,1,1,4,1,1,0,0,0,0,1,0,3,1,0,0
13399,1,3,3,1,0,0,0,0,0,0,0,2,0,1,2
13399,2,2,4,1,1,0,1,0,0,0,0,2,1,0,0
13399,2,3,4,1,1,1,0,0,0,0,0,6,1,0,0
13399,1,0,4,1,0,0,0,0,0,0,0,8,0,1,8
13399,1,3,4,0,1,0,0,0,0,0,1,3,1,0,0
13399,2,0,4,1,0,0,0,0,0,0,0,7,0,1,7
13399,2,1,4,0,1,1,0,0,0,0,0,2,1,0,0
13399,2,3,4,1,0,0,0,0,0,0,0,38,0,1,38
13399,1,0,4,0,0,0,0,0,0,0,0,6,0,0,0
13399,2,2,4,0,0,0,0,0,0,0,0,7,0,0,0
13399,1,3,4,0,1,1,0,0,0,0,0,1,1,0,0
13399,2,3,4,1,1,0,0,0,0,0,1,2,1,0,0
13399,1,2,4,0,0,0,0,0,0,0,0,5,0,0,0
13399,2,3,3,0,0,0,0,0,0,0,0,4,0,0,0
13399,1,3,4,0,0,0,0,0,0,0,0,20,0,0,0
13399,1,1,4,0,0,0,0,0,0,0,0,24,0,0,0
13399,1,3,4,1,1,0,0,0,0,1,0,5,1,0,0
13399,1,3,4,0,1,0,0,0,0,1,0,5,1,0,0
13399,1,3,4,1,1,1,1,0,0,0,0,2,1,0,0
13399,2,1,4,1,1,1,0,0,0,0,0,5,1,0,0
13399,2,2,4,1,0,0,0,0,0,0,0,6,0,1,6
13399,2,4,4,1,0,0,0,0,0,0,0,2,0,1,2
13399,2,2,4,1,1,1,0,0,0,0,0,2,1,0,0
13399,1,1,4,0,1,1,0,0,0,0,0,2,1,0,0
13399,1,0,4,0,1,0,0,0,0,0,1,2,1,0,0
13399,1,1,4,0,1,0,0,0,0,1,0,2,1,0,0
13399,1,1,4,1,0,0,0,0,0,0,0,27,0,1,27
13399,1,2,4,1,0,0,0,0,0,0,0,8,0,1,8
13399,1,3,4,1,0,0,0,0,0,0,0,63,0,1,63
13399,1,3,4,1,1,0,0,0,0,0,1,3,1,0,0
13399,2,0,4,1,1,0,0,0,0,1,0,2,1,0,0
13399,2,3,3,1,0,0,0,0,0,0,0,3,0,1,3
13400,2,0,3,1,0,0,0,0,0,0,0,7,0,1,7
13400,1,2,3,1,0,0,0,0,0,0,0,2,0,1,2
13400,2,3,3,0,0,0,0,0,0,0,0,25,0,0,0
13400,2,2,3,1,0,0,0,0,0,0,0,4,0,1,4
13400,2,0,3,0,0,0,0,0,0,0,0,6,0,0,0
13400,2,1,3,0,0,0,0,0,0,0,0,15,0,0,0
13400,2,3,3,1,0,0,0,0,0,0,0,51,0,1,51
13400,1,3,3,1,0,0,0,0,0,0,0,11,0,1,11
13400,2,4,3,0,0,0,0,0,0,0,0,2,0,0,0
13400,1,0,3,1,0,0,0,0,0,0,0,2,0,1,2
13400,2,2,3,0,0,0,0,0,0,0,0,4,0,0,0
13400,1,1,3,1,0,0,0,0,0,0,0,7,0,1,7
13400,1,1,3,0,0,0,0,0,0,0,0,4,0,0,0
13400,2,3,3,1,1,1,0,0,0,0,0,8,1,0,0
13400,2,1,3,1,0,0,0,0,0,0,0,30,0,1,30
13400,1,3,3,1,1,1,1,0,0,0,0,2,1,0,0
13400,1,3,3,0,0,0,0,0,0,0,0,3,0,0,0
13401,2,3,4,0,1,1,0,0,0,0,0,6,1,0,0
13401,1,1,4,0,1,0,0,0,0,0,1,3,1,0,0
13401,1,3,4,1,0,0,0,0,0,0,0,12,0,1,12
13401,2,0,4,1,1,1,0,0,0,0,0,5,1,0,0
13401,2,1,4,1,1,1,0,0,0,0,0,6,1,0,0
13401,2,1,4,0,1,1,0,0,0,0,0,2,1,0,0
13401,1,1,4,0,1,1,0,0,0,0,0,4,1,0,0
13401,1,1,4,1,1,1,0,0,0,0,0,3,1,0,0
13401,2,1,4,0,0,0,0,0,0,0,0,96,0,0,0
13401,2,3,4,0,1,0,0,0,0,0,1,3,1,0,0
13401,2,1,4,0,1,0,0,0,0,1,0,3,1,0,0
13401,2,2,4,1,1,1,0,0,0,0,0,3,1,0,0
13401,2,0,4,0,0,0,0,0,0,0,0,7,0,0,0
13401,1,1,4,1,0,0,0,0,0,0,0,19,0,1,19
13401,1,0,4,0,0,0,0,0,0,0,0,4,0,0,0
13401,2,1,4,1,0,0,0,0,0,0,0,97,0,1,97
13401,2,2,4,1,0,0,0,0,0,0,0,8,0,1,8
13401,1,3,4,0,0,0,0,0,0,0,0,5,0,0,0
13401,2,1,4,1,1,1,1,1,0,0,0,2,1,0,0
13401,2,3,4,1,1,1,0,1,0,0,0,4,1,0,0
13401,2,1,4,0,1,1,0,0,0,0,1,2,1,0,0
13401,2,2,4,1,1,1,1,1,0,0,0,2,1,0,0
13401,2,3,4,0,1,0,0,0,0,1,0,3,1,0,0
13401,2,1,4,0,1,0,0,0,0,0,1,7,1,0,0
13401,2,3,4,0,1,0,0,1,0,0,0,3,1,0,0
13401,2,1,4,1,1,1,0,0,0,1,0,2,1,0,0
13401,2,2,4,0,0,0,0,0,0,0,0,8,0,0,0
13401,2,3,4,0,0,0,0,0,0,0,0,42,0,0,0
13401,2,0,4,1,0,0,0,0,0,0,0,13,0,1,13
13401,1,0,4,1,0,0,0,0,0,0,0,2,0,1,2
13401,2,1,4,1,1,0,0,0,0,1,0,2,1,0,0
13401,2,3,4,1,1,1,0,0,0,0,1,2,1,0,0
13401,2,3,4,1,0,0,0,0,0,0,0,116,0,1,116
13401,1,3,4,1,1,1,0,0,0,0,0,6,1,0,0
13401,2,4,4,1,0,0,0,0,0,0,0,3,0,1,3
13401,2,3,4,1,1,0,0,0,0,0,1,2,1,0,0
13401,2,0,4,1,1,0,0,0,0,1,0,2,1,0,0
13401,2,3,4,1,1,1,0,0,0,0,0,36,1,0,0
13401,1,1,4,0,0,0,0,0,0,0,0,14,0,0,0
13402,1,1,4,1,0,0,0,0,0,0,0,13,0,1,13
13402,1,0,4,1,0,0,0,0,0,0,0,6,0,1,6
13402,1,3,4,1,1,1,0,0,0,0,0,6,1,0,0
13402,2,1,4,0,1,0,0,0,0,1,0,4,1,0,0
13402,1,3,4,0,0,0,0,0,0,0,0,3,0,0,0
13402,1,0,4,0,0,0,0,0,0,0,0,2,0,0,0
13402,2,3,4,1,0,0,0,0,0,0,0,36,0,1,36
13402,2,1,3,0,1,1,0,0,0,0,0,2,1,0,0
13402,1,3,4,1,0,0,0,0,0,0,0,18,0,1,18
13402,2,0,3,1,0,0,0,0,0,0,0,5,0,1,5
13402,2,3,4,1,1,1,0,0,0,0,0,4,1,0,0
13402,1,2,3,0,0,0,0,0,0,0,0,4,0,0,0
13402,2,2,3,0,0,0,0,0,0,0,0,3,0,0,0
13402,1,2,3,1,0,0,0,0,0,0,0,2,0,1,2
13402,1,1,3,0,0,0,0,0,0,0,0,7,0,0,0
13402,2,0,4,1,0,0,0,0,0,0,0,6,0,1,6
13402,1,3,3,0,0,0,0,0,0,0,0,7,0,0,0
13402,1,0,3,0,0,0,0,0,0,0,0,4,0,0,0
13402,2,1,3,0,0,0,0,0,0,0,0,15,0,0,0
13402,2,1,4,1,0,0,0,0,0,0,0,10,0,1,10
13402,1,2,4,1,0,0,0,0,0,0,0,6,0,1,6
13402,2,3,3,1,0,0,0,0,0,0,0,65,0,1,65
13402,2,1,3,1,0,0,0,0,0,0,0,25,0,1,25
13402,2,2,3,1,0,0,0,0,0,0,0,12,0,1,12
13402,1,4,4,0,0,0,0,0,0,0,0,2,0,0,0
13402,2,3,3,1,1,1,0,0,0,0,0,3,1,0,0
13402,1,3,3,0,1,1,0,0,0,0,0,2,1,0,0
13402,1,1,4,0,0,0,0,0,0,0,0,6,0,0,0
13402,2,2,4,1,0,0,0,0,0,0,0,6,0,1,6
13402,2,1,3,1,1,0,0,0,0,1,0,3,1,0,0
13402,2,3,4,0,0,0,0,0,0,0,0,8,0,0,0
13402,1,0,3,1,0,0,0,0,0,0,0,2,0,1,2
13402,2,0,3,0,0,0,0,0,0,0,0,3,0,0,0
13402,1,3,3,1,1,1,0,0,0,0,0,3,1,0,0
13402,1,3,3,1,0,0,0,0,0,0,0,26,0,1,26
13402,2,0,4,0,0,0,0,0,0,0,0,6,0,0,0
13402,2,1,4,0,0,0,0,0,0,0,0,11,0,0,0
13402,1,1,3,1,0,0,0,0,0,0,0,6,0,1,6
13402,2,3,3,0,0,0,0,0,0,0,0,28,0,0,0
13402,2,2,4,0,0,0,0,0,0,0,0,2,0,0,0
13404,1,3,4,1,1,1,0,0,0,0,0,2,1,0,0
13404,2,0,4,1,0,0,0,0,0,0,0,2,0,1,2
13404,1,3,4,1,1,0,0,0,0,1,0,2,1,0,0
13404,1,0,4,0,1,0,0,1,0,0,1,2,1,0,0
13404,2,2,4,1,0,0,0,0,0,0,0,2,0,1,2
13404,2,4,3,0,0,0,0,0,0,0,0,4,0,0,0
13404,2,3,3,1,1,1,0,0,0,0,0,3,1,0,0
13404,1,0,4,0,0,0,0,0,0,0,0,6,0,0,0
13404,1,3,4,0,0,0,0,0,0,0,0,8,0,0,0
13404,1,3,4,1,0,0,0,0,0,0,0,14,0,1,14
13404,2,3,3,0,0,0,0,0,0,0,0,22,0,0,0
13404,2,3,4,1,0,0,0,0,0,0,0,10,0,1,10
13404,1,1,4,0,0,0,0,0,0,0,0,4,0,0,0
13404,2,2,3,0,0,0,0,0,0,0,0,4,0,0,0
13404,2,1,3,0,0,0,0,0,0,0,0,13,0,0,0
13404,1,2,4,1,0,0,0,0,0,0,0,3,0,1,3
13404,1,1,3,1,0,0,0,0,0,0,0,14,0,1,14
13404,2,3,4,1,1,1,0,0,0,0,0,3,1,0,0
13404,2,0,3,1,0,0,0,0,0,0,0,3,0,1,3
13404,2,3,3,1,0,0,0,0,0,0,0,27,0,1,27
13404,2,0,4,0,0,0,0,0,0,0,0,4,0,0,0
13404,2,1,4,0,0,0,0,0,0,0,0,3,0,0,0
13404,1,2,3,1,0,0,0,0,0,0,0,4,0,1,4
13404,2,2,4,0,0,0,0,0,0,0,0,2,0,0,0
13404,1,1,4,1,0,0,0,0,0,0,0,5,0,1,5
13404,1,2,4,0,0,0,0,0,0,0,0,3,0,0,0
13404,2,0,3,0,0,0,0,0,0,0,0,6,0,0,0
13404,2,1,4,1,0,0,0,0,0,0,0,4,0,1,4
13404,1,1,3,1,1,0,0,0,0,1,0,2,1,0,0
13404,1,3,3,0,0,0,0,0,0,0,0,10,0,0,0
13404,1,1,3,0,0,0,0,0,0,0,0,9,0,0,0
13404,2,2,3,1,0,0,0,0,0,0,0,8,0,1,8
13404,2,3,4,0,0,0,0,0,0,0,0,7,0,0,0
13404,1,0,3,1,0,0,0,0,0,0,0,6,0,1,6
13404,1,3,3,1,0,0,0,0,0,0,0,19,0,1,19
13404,2,1,3,1,0,0,0,0,0,0,0,6,0,1,6
13406,1,0,3,1,0,0,0,0,0,0,0,2,0,1,2
13406,1,1,3,1,0,0,0,0,0,0,0,5,0,1,5
13406,2,3,3,0,0,0,0,0,0,0,0,25,0,0,0
13406,2,1,3,1,1,0,0,0,0,1,0,4,1,0,0
13406,1,1,3,0,0,0,0,0,0,0,0,7,0,0,0
13406,2,1,3,1,0,0,0,0,0,0,0,23,0,1,23
13406,2,1,3,0,0,0,0,0,0,0,0,28,0,0,0
13406,2,3,3,1,1,0,0,0,0,1,0,2,1,0,0
13406,2,2,3,0,0,0,0,0,0,0,0,7,0,0,0
13406,1,3,3,0,0,0,0,0,0,0,0,11,0,0,0
13406,2,0,3,1,0,0,0,0,0,0,0,8,0,1,8
13406,1,2,3,1,0,0,0,0,0,0,0,4,0,1,4
13406,2,0,3,0,0,0,0,0,0,0,0,6,0,0,0
13406,1,3,3,1,0,0,0,0,0,0,0,17,0,1,17
13406,2,2,3,1,0,0,0,0,0,0,0,19,0,1,19
13406,2,3,3,1,0,0,0,0,0,0,0,52,0,1,52
13406,2,3,3,1,1,1,0,0,0,0,0,3,1,0,0
13409,1,2,3,0,0,0,0,0,0,0,0,2,0,0,0
13409,2,2,3,1,0,0,0,0,0,0,0,6,0,1,6
13409,1,1,3,0,0,0,0,0,0,0,0,9,0,0,0
13409,2,3,3,0,0,0,0,0,0,0,0,8,0,0,0
13409,1,3,3,1,0,0,0,0,0,0,0,15,0,1,15
13409,2,1,3,0,1,1,0,0,0,0,0,2,1,0,0
13409,2,0,3,1,0,0,0,0,0,0,0,3,0,1,3
13409,2,0,3,0,0,0,0,0,0,0,0,3,0,0,0
13409,1,0,3,1,0,0,0,0,0,0,0,4,0,1,4
13409,2,1,3,0,0,0,0,0,0,0,0,18,0,0,0
13409,1,2,3,1,0,0,0,0,0,0,0,4,0,1,4
13409,2,3,3,1,1,0,0,0,0,1,0,2,1,0,0
13409,2,3,3,1,0,0,0,0,0,0,0,33,0,1,33
13409,2,1,3,1,0,0,0,0,0,0,0,19,0,1,19
13409,1,1,3,1,0,0,0,0,0,0,0,8,0,1,8
13409,1,3,3,0,0,0,0,0,0,0,0,2,0,0,0
13413,1,3,4,1,1,1,0,0,0,0,0,9,1,0,0
13413,2,3,4,1,1,1,0,0,0,0,0,7,1,0,0
13413,1,4,4,1,0,0,0,0,0,0,0,2,0,1,2
13413,2,1,4,0,0,0,0,0,0,0,0,22,0,0,0
13413,1,2,4,1,0,0,0,0,0,0,0,14,0,1,14
13413,2,3,4,0,1,0,0,0,0,1,0,2,1,0,0
13413,2,1,4,1,1,1,0,0,0,1,1,2,1,0,0
13413,2,3,4,1,0,0,0,0,0,0,0,46,0,1,46
13413,1,1,4,0,1,0,0,0,0,0,1,3,1,0,0
13413,2,3,4,0,1,0,0,0,0,0,1,2,1,0,0
13413,1,3,4,1,0,0,0,0,0,0,0,108,0,1,108
13413,2,1,4,0,1,1,0,0,0,0,0,3,1,0,0
13413,1,0,4,0,0,0,0,0,0,0,0,13,0,0,0
13413,1,3,4,1,1,1,0,0,0,1,0,3,1,0,0
13413,2,3,4,1,1,0,0,0,0,0,1,2,1,0,0
13413,2,2,4,1,0,0,0,0,0,0,0,7,0,1,7
13413,1,3,4,1,1,0,0,0,0,1,0,4,1,0,0
13413,2,3,4,1,1,0,0,0,0,1,0,5,1,0,0
13413,1,3,4,0,1,0,0,0,0,1,0,3,1,0,0
13413,2,5,4,1,0,0,0,0,0,0,0,2,0,1,2
13413,2,3,4,0,0,0,0,0,0,0,0,14,0,0,0
13413,1,1,4,1,1,1,0,0,0,0,0,7,1,0,0
13413,1,3,4,0,1,0,0,0,0,0,1,2,1,0,0
13413,1,2,4,0,0,0,0,0,0,0,0,3,0,0,0
13413,2,1,4,1,0,0,0,0,0,0,0,33,0,1,33
13413,1,1,4,1,0,0,0,0,0,0,0,111,0,1,111
13413,1,0,4,1,0,0,0,0,0,0,0,19,0,1,19
13413,1,0,4,0,1,0,0,0,0,1,0,5,1,0,0
13413,1,3,4,0,0,0,0,0,0,0,0,29,0,0,0
13413,1,1,4,1,1,0,0,0,0,1,0,6,1,0,0
13413,1,1,4,0,0,0,0,0,0,0,0,53,0,0,0
13413,2,1,4,0,1,0,0,0,0,1,0,2,1,0,0
13413,1,1,4,0,1,0,0,0,0,1,0,17,1,0,0
13413,2,0,4,1,0,0,0,0,0,0,0,4,0,1,4
13413,2,4,4,1,0,0,0,0,0,0,0,2,0,1,2
13415,1,3,3,1,0,0,0,0,0,0,0,37,0,1,37
13415,2,2,2,0,0,0,0,0,0,0,0,3,0,0,0
13415,1,1,3,1,0,0,0,0,0,0,0,22,0,1,22
13415,1,5,3,1,0,0,0,0,0,0,0,2,0,1,2
13415,1,1,2,0,0,0,0,0,0,0,0,19,0,0,0
13415,1,3,3,0,0,0,0,0,0,0,0,11,0,0,0
13415,2,1,2,0,0,0,0,0,0,0,0,22,0,0,0
13415,2,1,2,0,1,0,0,0,0,1,0,2,1,0,0
13415,2,0,3,1,0,0,0,0,0,0,0,10,0,1,10
13415,2,3,3,1,0,0,0,0,0,0,0,59,0,1,59
13415,1,2,2,1,0,0,0,0,0,0,0,10,0,1,10
13415,2,0,2,1,0,0,0,0,0,0,0,4,0,1,4
13415,2,2,2,1,0,0,0,0,0,0,0,6,0,1,6
13415,2,0,2,0,0,0,0,0,0,0,0,2,0,0,0
13415,2,1,3,0,0,0,0,0,0,0,0,21,0,0,0
13415,2,3,2,1,0,0,0,0,0,0,0,32,0,1,32
13415,2,4,3,0,0,0,0,0,0,0,0,2,0,0,0
13415,2,1,3,1,0,0,0,0,0,0,0,22,0,1,22
13415,2,1,3,0,1,1,0,0,0,0,0,2,1,0,0
13415,2,5,3,0,0,0,0,0,0,0,0,2,0,0,0
13415,2,1,2,1,1,0,0,0,0,1,0,2,1,0,0
13415,1,1,2,0,1,0,0,0,0,0,1,2,1,0,0
13415,2,3,3,0,0,0,0,0,0,0,0,18,0,0,0
13415,1,3,2,0,0,0,0,0,0,0,0,10,0,0,0
13415,2,0,3,0,0,0,0,0,0,0,0,4,0,0,0
13415,2,1,2,1,0,0,0,0,0,0,0,18,0,1,18
13415,1,0,2,1,0,0,0,0,0,0,0,8,0,1,8
13415,1,3,2,1,1,0,0,0,0,0,1,2,1,0,0
13415,1,0,2,0,0,0,0,0,0,0,0,3,0,0,0
13415,2,3,2,0,0,0,0,0,0,0,0,11,0,0,0
13415,1,1,2,1,0,0,0,0,0,0,0,24,0,1,24
13415,1,3,2,1,0,0,0,0,0,0,0,42,0,1,42
13415,1,2,3,1,0,0,0,0,0,0,0,6,0,1,6
13415,2,2,3,1,0,0,0,0,0,0,0,18,0,1,18
13415,1,1,3,0,0,0,0,0,0,0,0,15,0,0,0
13415,1,1,2,1,1,0,0,0,0,1,0,3,1,0,0
13415,1,0,3,1,0,0,0,0,0,0,0,6,0,1,6
13415,1,2,2,1,1,1,0,0,0,0,1,2,1,0,0
13415,2,2,3,0,0,0,0,0,0,0,0,4,0,0,0
13415,1,3,2,1,1,1,0,0,0,0,0,2,1,0,0
13417,1,3,3,0,0,0,0,0,0,0,0,31,0,0,0
13417,1,1,2,1,1,1,0,0,0,1,0,2,1,0,0
13417,1,0,2,0,0,0,0,0,0,0,0,5,0,0,0
13417,1,2,3,0,0,0,0,0,0,0,0,8,0,0,0
13417,2,3,3,1,0,0,0,0,0,0,0,23,0,1,23
13417,1,3,3,1,0,0,0,0,0,0,0,86,0,1,86
13417,2,1,3,0,0,0,0,0,0,0,0,9,0,0,0
13417,2,0,3,1,0,0,0,0,0,0,0,7,0,1,7
13417,1,3,2,1,1,0,0,0,0,1,0,4,1,0,0
13417,2,3,2,0,0,0,0,0,0,0,0,3,0,0,0
13417,1,3,2,1,1,1,0,0,0,0,0,6,1,0,0
13417,2,0,3,0,0,0,0,0,0,0,0,4,0,0,0
13417,1,1,3,1,0,0,0,0,0,0,0,43,0,1,43
13417,2,1,2,0,0,0,0,0,0,0,0,2,0,0,0
13417,1,3,2,1,0,0,0,0,0,0,0,86,0,1,86
13417,1,0,2,1,0,0,0,0,0,0,0,15,0,1,15
13417,2,2,3,1,0,0,0,0,0,0,0,10,0,1,10
13417,1,1,2,0,0,0,0,0,0,0,0,21,0,0,0
13417,1,2,3,1,0,0,0,0,0,0,0,17,0,1,17
13417,1,0,3,0,0,0,0,0,0,0,0,9,0,0,0
13417,2,3,3,0,0,0,0,0,0,0,0,6,0,0,0
13417,2,1,3,1,0,0,0,0,0,0,0,7,0,1,7
13417,1,3,3,1,1,1,0,0,0,0,0,6,1,0,0
13417,1,2,2,0,0,0,0,0,0,0,0,4,0,0,0
13417,1,1,2,1,1,0,0,0,0,1,0,2,1,0,0
13417,2,3,2,1,0,0,0,0,0,0,0,6,0,1,6
13417,1,1,2,1,1,1,0,0,0,0,0,3,1,0,0
13417,1,1,2,1,0,0,0,0,0,0,0,32,0,1,32
13417,2,0,2,1,0,0,0,0,0,0,0,2,0,1,2
13417,1,2,2,1,0,0,0,0,0,0,0,17,0,1,17
13417,1,0,3,1,0,0,0,0,0,0,0,18,0,1,18
13417,1,3,2,0,1,0,0,0,0,1,0,3,1,0,0
13417,1,3,2,0,0,0,0,0,0,0,0,32,0,0,0
13417,1,1,3,0,0,0,0,0,0,0,0,23,0,0,0
13417,1,5,3,1,0,0,0,0,0,0,0,3,0,1,3
13418,1,3,3,0,0,0,0,0,0,0,0,57,0,0,0
13418,1,2,3,0,0,0,0,0,0,0,0,8,0,0,0
13418,1,1,3,1,1,0,0,0,0,1,0,4,1,0,0
13418,1,0,3,1,0,0,0,0,0,0,0,28,0,1,28
13418,2,3,2,1,0,0,0,0,0,0,0,16,0,1,16
13418,1,3,2,1,1,0,0,1,0,0,1,2,1,0,0
13418,1,1,2,1,1,1,0,0,0,0,0,5,1,0,0
13418,1,0,1,1,1,0,0,0,0,1,1,2,1,0,0
13418,2,1,1,1,0,0,0,0,0,0,0,3,0,1,3
13418,2,1,3,0,1,0,0,0,0,1,0,2,1,0,0
13418,1,1,2,0,1,0,0,0,0,1,0,2,1,0,0
13418,1,3,2,1,0,0,0,0,0,0,0,119,0,1,119
13418,1,1,1,0,0,0,0,0,0,0,0,39,0,0,0
13418,1,0,3,0,0,0,0,0,0,0,0,15,0,0,0
13418,2,1,3,1,0,0,0,0,0,0,0,10,0,1,10
13418,1,1,1,1,1,0,0,0,0,1,0,4,1,0,0
13418,1,1,1,1,1,1,0,0,0,0,0,2,1,0,0
13418,2,1,1,0,0,0,0,0,0,0,0,10,0,0,0
13418,1,0,3,0,1,0,0,0,0,1,0,2,1,0,0
13418,1,3,3,1,0,0,0,0,0,0,0,156,0,1,156
13418,1,2,2,1,0,0,0,0,0,0,0,21,0,1,21
13418,1,3,1,0,1,0,0,0,0,0,1,2,1,0,0
13418,1,3,3,1,1,0,0,0,0,1,0,9,1,0,0
13418,2,3,1,0,0,0,0,0,0,0,0,8,0,0,0
13418,1,3,1,1,1,1,0,0,0,0,0,4,1,0,0
13418,2,3,2,0,0,0,0,0,0,0,0,7,0,0,0
13418,1,4,2,0,0,0,0,0,0,0,0,3,0,0,0
13418,1,1,3,0,1,0,0,0,0,1,0,2,1,0,0
13418,1,3,2,1,1,0,0,0,0,0,1,3,1,0,0
13418,1,1,2,0,0,0,0,0,0,0,0,30,0,0,0
13418,2,1,2,0,0,0,0,0,0,0,0,7,0,0,0
13418,1,3,1,0,0,0,0,0,0,0,0,38,0,0,0
13418,2,3,3,1,0,0,0,0,0,0,0,33,0,1,33
13418,1,2,1,1,0,0,0,0,0,0,0,20,0,1,20
13418,2,1,3,0,0,0,0,0,0,0,0,7,0,0,0
13418,2,3,2,0,1,0,0,0,0,1,0,2,1,0,0
13418,1,1,3,0,0,0,0,0,0,0,0,37,0,0,0
13418,1,1,1,1,0,0,0,0,0,0,0,60,0,1,60
13418,1,2,2,0,0,0,0,0,0,0,0,4,0,0,0
13418,1,1,1,0,1,0,0,0,0,0,1,3,1,0,0
13418,1,4,3,1,0,0,0,0,0,0,0,2,0,1,2
13418,1,3,1,1,0,0,0,0,0,0,0,146,0,1,146
13418,2,3,3,0,0,0,0,0,0,0,0,17,0,0,0
13418,1,2,3,1,0,0,0,0,0,0,0,23,0,1,23
13418,2,2,1,0,0,0,0,0,0,0,0,3,0,0,0
13418,1,1,2,1,1,0,0,0,0,1,0,5,1,0,0
13418,1,0,1,1,1,1,0,0,0,0,0,2,1,0,0
13418,1,0,2,1,0,0,0,0,0,0,0,20,0,1,20
13418,1,2,1,1,1,1,0,0,0,0,0,2,1,0,0
13418,1,3,2,0,1,0,0,0,0,1,0,4,1,0,0
13418,2,0,1,1,0,0,0,0,0,0,0,3,0,1,3
13418,1,0,2,0,0,0,0,0,0,0,0,11,0,0,0
13418,1,3,3,1,1,1,0,0,0,0,0,6,1,0,0
13418,1,1,3,0,1,1,0,0,0,0,0,2,1,0,0
13418,2,2,2,1,0,0,0,0,0,0,0,2,0,1,2
13418,1,1,3,1,0,0,0,0,0,0,0,52,0,1,52
13418,1,1,2,1,0,0,0,0,0,0,0,69,0,1,69
13418,2,1,2,1,0,0,0,0,0,0,0,6,0,1,6
13418,2,0,3,0,0,0,0,0,0,0,0,2,0,0,0
13418,1,0,1,0,0,0,0,0,0,0,0,7,0,0,0
13418,1,3,1,1,1,0,0,0,0,1,0,5,1,0,0
13418,2,0,2,1,0,0,0,0,0,0,0,2,0,1,2
13418,2,2,2,0,1,1,0,0,0,0,0,2,1,0,0
13418,1,3,1,0,1,0,0,0,0,1,0,2,1,0,0
13418,1,0,1,1,1,0,0,0,0,1,0,2,1,0,0
13418,1,2,1,0,0,0,0,0,0,0,0,6,0,0,0
13418,2,3,1,1,0,0,0,0,0,0,0,20,0,1,20
13418,1,0,1,1,0,0,0,0,0,0,0,25,0,1,25
13418,1,3,3,0,1,0,0,0,0,1,0,3,1,0,0
13418,1,4,2,1,0,0,0,0,0,0,0,4,0,1,4
13418,2,1,2,0,1,0,0,0,0,1,0,2,1,0,0
13418,1,1,1,0,1,0,0,0,0,1,0,5,1,0,0
13418,1,1,3,0,1,0,0,0,0,1,1,2,1,0,0
13418,1,3,2,0,0,0,0,0,0,0,0,42,0,0,0
13418,1,3,2,1,1,1,0,0,0,0,0,7,1,0,0
13418,1,4,1,1,0,0,0,0,0,0,0,2,0,1,2
13418,1,0,2,1,1,1,0,0,0,0,0,3,1,0,0
13418,1,3,3,0,1,1,0,0,0,0,0,2,1,0,0
13421,2,1,4,0,0,0,0,0,0,0,0,11,0,0,0
13421,2,1,4,1,0,0,0,0,0,0,0,30,0,1,30
13421,1,0,4,0,0,0,0,0,0,0,0,12,0,0,0
13421,2,2,4,1,1,0,0,0,0,1,0,2,1,0,0
13421,2,1,4,1,1,0,0,0,0,0,1,2,1,0,0
13421,1,1,4,1,1,0,0,0,0,1,0,3,1,0,0
13421,2,2,4,1,0,0,0,0,0,0,0,3,0,1,3
13421,1,3,4,1,1,1,0,0,0,0,0,19,1,0,0
13421,2,3,4,1,1,1,0,0,0,0,0,8,1,0,0
13421,1,3,4,1,1,0,0,0,0,1,0,7,1,0,0
13421,2,1,4,1,1,1,0,0,0,0,0,2,1,0,0
13421,1,1,4,0,0,0,0,0,0,0,0,33,0,0,0
13421,2,3,4,0,1,0,0,0,0,1,0,2,1,0,0
13421,2,4,4,1,0,0,0,0,0,0,0,2,0,1,2
13421,1,3,4,1,0,0,0,0,0,0,0,89,0,1,89
13421,1,1,4,1,0,0,0,0,0,0,0,65,0,1,65
13421,2,0,4,1,0,0,0,0,0,0,0,6,0,1,6
13421,2,1,4,0,1,0,0,0,0,0,1,2,1,0,0
13421,2,0,4,0,0,0,0,0,0,0,0,9,0,0,0
13421,2,3,4,1,0,0,0,0,0,0,0,37,0,1,37
13421,1,3,4,0,1,0,0,1,0,0,1,2,1,0,0
13421,1,2,4,1,0,0,0,0,0,0,0,8,0,1,8
13421,2,3,4,0,0,0,0,0,0,0,0,16,0,0,0
13421,1,1,4,0,1,0,0,0,0,0,1,4,1,0,0
13421,1,1,4,1,1,1,0,0,0,0,1,2,1,0,0
13421,1,1,4,1,1,1,0,0,0,0,0,3,1,0,0
13421,1,3,4,0,1,1,0,0,0,0,0,2,1,0,0
13421,1,0,4,1,0,0,0,0,0,0,0,18,0,1,18
13421,2,3,4,1,1,0,0,0,0,1,0,4,1,0,0
13421,2,2,4,0,1,0,0,0,0,1,0,2,1,0,0
13421,1,5,4,1,0,0,0,0,0,0,0,2,0,1,2
13421,1,3,4,0,0,0,0,0,0,0,0,28,0,0,0
13422,2,3,4,1,0,0,0,0,0,0,0,37,0,1,37
13422,1,3,4,1,1,0,0,0,0,0,1,3,1,0,0
13422,1,1,4,0,1,0,0,0,0,1,0,10,1,0,0
13422,1,0,4,0,1,0,0,0,0,1,0,3,1,0,0
13422,1,3,4,1,1,1,0,0,0,0,0,5,1,0,0
13422,1,1,4,1,0,0,0,0,0,0,0,57,0,1,57
13422,1,0,4,0,0,0,0,0,0,0,0,10,0,0,0
13422,2,0,4,0,0,0,0,0,0,0,0,3,0,0,0
13422,2,2,4,1,0,0,0,0,0,0,0,4,0,1,4
13422,2,3,4,1,1,1,0,0,0,1,0,2,1,0,0
13422,1,3,4,1,1,1,0,0,0,1,0,2,1,0,0
13422,2,2,4,0,0,0,0,0,0,0,0,2,0,0,0
13422,1,2,4,1,0,0,0,0,0,0,0,13,0,1,13
13422,1,0,4,1,1,0,0,0,0,1,0,2,1,0,0
13422,1,3,4,1,1,0,0,0,0,1,0,8,1,0,0
13422,1,3,4,1,0,0,0,0,0,0,0,79,0,1,79
13422,1,3,4,0,1,0,0,0,0,1,0,4,1,0,0
13422,1,2,4,1,1,1,1,0,0,0,0,2,1,0,0
13422,2,1,4,1,0,0,0,0,0,0,0,16,0,1,16
13422,1,0,4,1,0,0,0,0,0,0,0,15,0,1,15
13422,1,1,4,0,0,0,0,0,0,0,0,32,0,0,0
13422,1,3,4,1,1,1,1,0,0,0,0,4,1,0,0
13422,2,0,4,1,0,0,0,0,0,0,0,4,0,1,4
13422,2,1,4,0,0,0,0,0,0,0,0,11,0,0,0
13422,1,1,4,1,1,0,0,0,0,1,0,6,1,0,0
13422,2,1,4,1,1,0,0,0,0,1,0,2,1,0,0
13422,1,3,4,0,1,0,0,0,0,0,1,5,1,0,0
13422,2,3,4,1,1,0,0,0,0,1,0,2,1,0,0
13422,1,2,4,0,0,0,0,0,0,0,0,6,0,0,0
13422,1,3,4,0,0,0,0,0,0,0,0,25,0,0,0
13422,2,3,4,0,0,0,0,0,0,0,0,11,0,0,0
13422,1,1,4,1,1,1,0,0,0,0,0,3,1,0,0
13422,2,0,4,1,1,0,0,0,0,1,0,2,1,0,0
13423,1,3,2,1,1,1,0,0,0,0,0,2,1,0,0
13423,2,3,2,1,0,0,0,0,0,0,0,87,0,1,87
13423,1,1,2,0,0,0,0,0,0,0,0,7,0,0,0
13423,2,2,2,1,0,0,0,0,0,0,0,10,0,1,10
13423,1,0,2,0,0,0,0,0,0,0,0,2,0,0,0
13423,1,0,2,1,0,0,0,0,0,0,0,2,0,1,2
13423,2,2,2,0,0,0,0,0,0,0,0,10,0,0,0
13423,2,3,2,1,1,1,0,0,0,0,0,7,1,0,0
13423,2,0,2,1,0,0,0,0,0,0,0,14,0,1,14
13423,2,1,2,0,0,0,0,0,0,0,0,25,0,0,0
13423,1,3,2,0,0,0,0,0,0,0,0,15,0,0,0
13423,1,2,2,1,0,0,0,0,0,0,0,4,0,1,4
13423,2,1,2,1,0,0,0,0,0,0,0,55,0,1,55
13423,1,2,2,0,0,0,0,0,0,0,0,8,0,0,0
13423,1,3,2,0,1,0,1,0,0,0,0,2,1,0,0
13423,1,1,2,1,0,0,0,0,0,0,0,14,0,1,14
13423,2,0,2,0,0,0,0,0,0,0,0,5,0,0,0
13423,2,3,2,0,0,0,0,0,0,0,0,28,0,0,0
13423,1,3,2,1,0,0,0,0,0,0,0,41,0,1,41
13423,2,0,2,1,1,1,0,0,0,0,0,2,1,0,0
13424,1,3,4,1,1,1,0,0,0,0,0,9,1,0,0
13424,1,1,4,1,0,0,0,0,0,0,0,93,0,1,93
13424,1,1,4,0,0,0,0,0,0,0,0,34,0,0,0
13424,2,1,4,1,1,0,0,0,0,1,0,9,1,0,0
13424,1,4,4,1,0,0,0,0,0,0,0,2,0,1,2
13424,1,3,4,1,0,0,0,0,0,0,0,91,0,1,91
13424,1,3,4,0,0,0,0,0,0,0,0,18,0,0,0
13424,2,0,4,0,1,0,0,0,0,1,0,4,1,0,0
13424,1,3,4,1,1,0,0,1,0,0,0,2,1,0,0
13424,1,0,4,1,0,0,0,0,0,0,0,15,0,1,15
13424,2,3,4,0,1,1,0,0,0,0,0,2,1,0,0
13424,1,1,4,0,1,0,0,0,0,1,1,4,1,0,0
13424,2,2,4,1,0,0,0,0,0,0,0,11,0,1,11
13424,1,3,4,0,1,0,0,0,0,1,0,8,1,0,0
13424,2,3,4,1,1,0,0,0,0,0,1,3,1,0,0
13424,2,4,4,1,0,0,0,0,0,0,0,2,0,1,2
13424,1,1,4,0,1,0,0,0,0,1,0,13,1,0,0
13424,1,1,4,0,1,0,0,0,0,0,1,6,1,0,0
13424,2,3,4,1,1,1,0,0,0,0,0,13,1,0,0
13424,2,1,4,1,1,0,0,0,0,1,1,3,1,0,0
13424,1,3,4,1,1,0,0,0,0,0,1,5,1,0,0
13424,2,3,4,1,0,0,0,0,0,0,0,106,0,1,106
13424,2,3,4,1,1,0,0,0,0,1,0,10,1,0,0
13424,2,0,4,1,0,0,0,0,0,0,0,22,0,1,22
13424,2,2,4,0,0,0,0,0,0,0,0,3,0,0,0
13424,2,3,4,1,1,1,0,0,0,1,0,2,1,0,0
13424,2,3,4,1,1,1,1,0,0,0,0,2,1,0,0
13424,1,3,4,1,1,0,0,0,0,1,0,9,1,0,0
13424,2,1,4,1,0,0,0,0,0,0,0,98,0,1,98
13424,1,1,4,1,1,1,0,0,0,1,0,3,1,0,0
13424,2,1,4,0,1,0,0,0,0,0,1,4,1,0,0
13424,1,3,4,1,1,0,0,0,0,1,1,2,1,0,0
13424,2,1,4,1,1,1,0,0,0,0,0,5,1,0,0
13424,2,1,4,1,1,0,0,0,0,0,1,3,1,0,0
13424,2,3,4,1,1,1,0,0,0,0,1,2,1,0,0
13424,1,0,4,1,1,0,0,0,0,1,0,4,1,0,0
13424,2,1,4,0,0,0,0,0,0,0,0,62,0,0,0
13424,2,1,4,0,1,0,0,0,0,1,0,23,1,0,0
13424,2,3,4,0,1,0,0,0,0,1,0,4,1,0,0
13424,1,1,4,1,1,0,0,0,0,1,0,14,1,0,0
13424,2,3,4,0,0,0,0,0,0,0,0,30,0,0,0
13424,2,0,4,1,1,0,0,0,0,1,0,2,1,0,0
13424,1,0,4,0,0,0,0,0,0,0,0,16,0,0,0
13424,1,2,4,1,0,0,0,0,0,0,0,4,0,1,4
13424,1,3,4,0,1,0,0,0,0,0,1,4,1,0,0
13424,1,0,4,0,1,0,0,0,0,1,0,4,1,0,0
13424,2,0,4,0,0,0,0,0,0,0,0,16,0,0,0
13424,2,3,4,0,1,0,0,0,0,0,1,4,1,0,0
13424,1,2,4,0,0,0,0,0,0,0,0,3,0,0,0
13424,2,0,4,0,1,0,0,0,0,1,1,2,1,0,0
13424,2,0,4,1,1,1,0,0,0,0,0,2,1,0,0
13424,1,0,4,0,1,1,0,0,0,0,0,2,1,0,0
13425,1,1,4,1,0,0,0,0,0,0,0,68,0,1,68
13425,1,0,4,1,1,1,0,0,0,0,0,3,1,0,0
13425,1,3,4,1,1,1,0,0,0,0,0,5,1,0,0
13425,1,1,4,1,1,1,0,0,0,0,0,2,1,0,0
13425,1,2,4,1,0,0,0,0,0,0,0,6,0,1,6
13425,2,2,4,0,0,0,0,0,0,0,0,3,0,0,0
13425,2,1,4,0,1,0,0,0,0,1,0,4,1,0,0
13425,1,0,4,0,0,0,0,0,0,0,0,6,0,0,0
13425,1,0,4,1,0,0,0,0,0,0,0,19,0,1,19
13425,2,1,4,1,0,0,0,0,0,0,0,22,0,1,22
13425,1,1,4,0,1,0,0,0,0,1,0,6,1,0,0
13425,2,3,4,0,0,0,0,0,0,0,0,9,0,0,0
13425,2,1,4,0,0,0,0,0,0,0,0,11,0,0,0
13425,2,2,4,1,0,0,0,0,0,0,0,6,0,1,6
13425,1,1,4,1,1,0,0,0,0,0,1,2,1,0,0
13425,1,3,4,1,1,1,0,0,0,0,1,2,1,0,0
13425,1,3,4,1,1,0,0,0,0,1,0,7,1,0,0
13425,1,3,4,1,0,0,0,0,0,0,0,64,0,1,64
13425,1,3,4,0,0,0,0,0,0,0,0,15,0,0,0
13425,2,3,4,1,0,0,0,0,0,0,0,23,0,1,23
13425,1,1,4,1,1,1,0,0,0,1,0,2,1,0,0
13425,2,0,4,1,0,0,0,0,0,0,0,8,0,1,8
13425,1,1,4,0,0,0,0,0,0,0,0,29,0,0,0
13425,1,3,4,1,1,1,0,0,0,1,0,2,1,0,0
13425,1,3,4,0,1,0,0,0,0,1,0,3,1,0,0
13425,1,0,4,1,1,0,0,0,0,1,0,2,1,0,0
13425,1,2,4,0,0,0,0,0,0,0,0,3,0,0,0
13425,2,3,4,1,1,1,0,0,0,0,0,2,1,0,0
13425,2,0,4,0,0,0,0,0,0,0,0,3,0,0,0
13425,1,1,4,1,1,0,0,0,0,1,0,7,1,0,0
13426,1,3,4,0,1,0,0,0,0,1,0,4,1,0,0
13426,1,1,4,0,0,0,0,0,0,0,0,32,0,0,0
13426,2,0,4,1,0,0,0,0,0,0,0,3,0,1,3
13426,2,1,4,0,1,0,0,0,0,1,0,4,1,0,0
13426,1,3,4,0,1,0,0,0,0,0,1,7,1,0,0
13426,2,1,4,1,1,0,0,0,0,1,0,2,1,0,0
13426,2,3,4,1,1,0,0,0,0,1,0,4,1,0,0
13426,2,2,4,1,0,0,0,0,0,0,0,7,0,1,7
13426,1,2,4,0,0,0,0,0,0,0,0,4,0,0,0
13426,2,1,4,0,1,1,0,0,0,0,0,2,1,0,0
13426,1,3,4,1,1,0,0,0,0,1,0,11,1,0,0
13426,1,3,4,0,0,0,0,0,0,0,0,20,0,0,0
13426,2,1,4,0,0,0,0,0,0,0,0,17,0,0,0
13426,2,3,4,0,1,0,0,0,0,1,0,5,1,0,0
13426,2,3,4,0,0,0,0,0,0,0,0,11,0,0,0
13426,1,0,4,1,0,0,0,0,0,0,0,9,0,1,9
13426,1,1,4,1,0,0,0,0,0,0,0,49,0,1,49
13426,2,3,4,0,1,1,0,0,0,0,0,2,1,0,0
13426,1,2,4,1,0,0,0,0,0,0,0,2,0,1,2
13426,1,1,4,0,1,0,0,0,0,1,0,4,1,0,0
13426,1,1,4,0,1,0,0,0,0,0,1,4,1,0,0
13426,1,3,4,1,1,0,0,0,0,0,1,3,1,0,0
13426,2,0,4,0,1,0,0,0,0,1,0,2,1,0,0
13426,2,3,4,1,1,1,0,0,0,0,0,5,1,0,0
13426,1,0,4,0,0,0,0,0,0,0,0,5,0,0,0
13426,1,4,4,1,0,0,0,0,0,0,0,2,0,1,2
13426,2,3,4,1,0,0,0,0,0,0,0,40,0,1,40
13426,1,3,4,1,1,1,0,0,0,0,0,7,1,0,0
13426,1,0,4,0,1,0,0,0,0,1,0,2,1,0,0
13426,1,1,4,1,1,0,0,0,0,1,0,4,1,0,0
13426,2,1,4,1,0,0,0,0,0,0,0,23,0,1,23
13426,1,3,4,1,1,1,0,1,0,0,0,2,1,0,0
13426,1,1,4,1,1,1,0,0,0,0,0,2,1,0,0
13426,1,3,4,1,0,0,0,0,0,0,0,54,0,1,54
13426,1,0,4,1,1,0,0,0,0,1,0,2,1,0,0
13426,2,3,4,1,1,1,0,0,0,1,0,3,1,0,0
13426,2,1,4,0,1,0,0,0,0,0,1,3,1,0,0
13426,2,3,4,0,1,0,0,0,0,1,1,2,1,0,0
13427,2,1,4,1,0,0,0,0,0,0,0,19,0,1,19
13427,1,2,4,0,0,0,0,0,0,0,0,2,0,0,0
13427,1,3,4,0,1,0,0,0,0,0,1,3,1,0,0
13427,1,1,4,1,1,1,0,0,0,0,0,2,1,0,0
13427,1,1,4,0,1,0,0,0,0,0,1,3,1,0,0
13427,1,0,4,1,0,0,0,0,0,0,0,7,0,1,7
13427,1,3,4,0,0,0,0,0,0,0,0,24,0,0,0
13427,2,1,4,1,1,0,0,0,0,1,0,2,1,0,0
13427,2,3,4,1,0,0,0,0,0,0,0,39,0,1,39
13427,1,2,4,1,0,0,0,0,0,0,0,7,0,1,7
13427,2,1,4,0,1,0,0,0,0,1,0,2,1,0,0
13427,1,3,4,1,0,0,0,0,0,0,0,71,0,1,71
13427,1,2,4,1,1,1,0,0,0,0,0,2,1,0,0
13427,1,1,4,1,0,0,0,0,0,0,0,64,0,1,64
13427,2,3,4,1,1,1,0,0,0,0,0,11,1,0,0
13427,2,3,4,1,1,0,0,0,0,1,0,3,1,0,0
13427,2,2,4,1,0,0,0,0,0,0,0,3,0,1,3
13427,1,1,4,0,1,0,0,0,0,1,0,7,1,0,0
13427,1,0,4,0,0,0,0,0,0,0,0,16,0,0,0
13427,1,3,4,0,1,0,0,0,0,1,0,2,1,0,0
13427,1,3,4,1,1,1,0,0,0,0,0,12,1,0,0
13427,1,1,4,0,0,0,0,0,0,0,0,44,0,0,0
13427,2,3,4,0,0,0,0,0,0,0,0,12,0,0,0
13427,1,3,4,1,1,0,0,0,0,1,0,5,1,0,0
13427,2,0,4,1,0,0,0,0,0,0,0,8,0,1,8
13427,1,4,4,1,0,0,0,0,0,0,0,2,0,1,2
13427,2,1,4,0,0,0,0,0,0,0,0,18,0,0,0
13427,2,0,4,0,0,0,0,0,0,0,0,2,0,0,0
13427,1,1,4,1,1,0,0,0,0,1,0,2,1,0,0
13428,2,0,4,0,0,0,0,0,0,0,0,3,0,0,0
13428,1,1,4,1,0,0,0,0,0,0,0,38,0,1,38
13428,1,3,4,1,0,0,0,0,0,0,0,50,0,1,50
13428,1,3,4,0,0,0,0,0,0,0,0,13,0,0,0
13428,2,2,4,1,0,0,0,0,0,0,0,6,0,1,6
13428,2,1,4,1,0,0,0,0,0,0,0,24,0,1,24
13428,2,3,4,0,1,1,0,0,0,0,0,2,1,0,0
13428,2,0,4,1,0,0,0,0,0,0,0,7,0,1,7
13428,2,1,4,0,0,0,0,0,0,0,0,16,0,0,0
13428,2,4,4,1,0,0,0,0,0,0,0,2,0,1,2
13428,1,2,4,1,0,0,0,0,0,0,0,6,0,1,6
13428,1,0,4,1,0,0,0,0,0,0,0,12,0,1,12
13428,1,3,4,0,1,0,0,0,0,0,1,2,1,0,0
13428,2,3,4,0,0,0,0,0,0,0,0,16,0,0,0
13428,1,2,4,0,0,0,0,0,0,0,0,3,0,0,0
13428,1,3,4,1,1,1,0,0,0,0,0,6,1,0,0
13428,2,3,4,1,0,0,0,0,0,0,0,31,0,1,31
13428,1,3,4,0,1,0,0,0,0,1,0,2,1,0,0
13428,1,0,4,0,1,0,0,0,0,1,0,2,1,0,0
13428,1,0,4,0,0,0,0,0,0,0,0,11,0,0,0
13428,1,1,4,0,0,0,0,0,0,0,0,26,0,0,0
13428,2,3,4,1,1,0,0,0,0,1,0,2,1,0,0
13428,1,3,4,1,1,0,0,0,0,1,0,2,1,0,0
13428,1,1,4,0,1,0,0,0,0,1,0,2,1,0,0
13428,2,2,4,0,0,0,0,0,0,0,0,3,0,0,0
13428,2,3,4,1,1,1,0,0,0,0,0,3,1,0,0
13429,2,0,4,1,0,0,0,0,0,0,0,11,0,1,11
13429,1,1,4,0,0,0,0,0,0,0,0,14,0,0,0
13429,1,0,4,0,0,0,0,0,0,0,0,5,0,0,0
13429,2,0,4,0,0,0,0,0,0,0,0,15,0,0,0
13429,2,4,4,0,0,0,0,0,0,0,0,2,0,0,0
13429,2,3,4,1,1,0,0,0,0,1,0,7,1,0,0
13429,1,2,4,1,0,0,0,0,0,0,0,6,0,1,6
13429,2,1,4,0,1,0,0,0,0,1,0,4,1,0,0
13429,1,3,4,0,0,0,0,0,0,0,0,16,0,0,0
13429,2,3,4,0,1,0,0,0,0,0,1,2,1,0,0
13429,2,0,4,1,1,1,0,0,0,0,0,2,1,0,0
13429,1,3,4,1,1,1,1,0,0,0,0,2,1,0,0
13429,1,1,4,1,0,0,0,0,0,0,0,31,0,1,31
13429,2,1,4,1,0,0,0,0,0,0,0,53,0,1,53
13429,1,1,4,0,1,0,0,0,0,1,1,2,1,0,0
13429,2,1,4,0,0,0,0,0,0,0,0,55,0,0,0
13429,2,3,4,1,0,0,0,0,0,0,0,93,0,1,93
13429,2,3,4,0,1,0,0,0,0,1,0,3,1,0,0
13429,1,0,4,1,0,0,0,0,0,0,0,6,0,1,6
13429,1,3,4,1,0,0,0,0,0,0,0,60,0,1,60
13429,2,2,4,0,0,0,0,0,0,0,0,4,0,0,0
13429,2,3,4,0,0,0,0,0,0,0,0,28,0,0,0
13429,1,1,4,1,1,0,0,0,0,1,0,2,1,0,0
13429,2,3,4,1,1,0,0,0,0,1,1,2,1,0,0
13429,1,3,4,0,1,0,0,0,0,1,1,2,1,0,0
13429,1,2,4,0,0,0,0,0,0,0,0,4,0,0,0
13429,1,3,4,1,1,1,0,0,0,0,0,5,1,0,0
13429,2,2,4,1,0,0,0,0,0,0,0,17,0,1,17
13429,2,3,4,1,1,1,0,0,0,0,0,4,1,0,0
13429,2,1,4,1,1,1,0,0,0,0,0,4,1,0,0
13429,2,0,4,1,1,0,0,0,0,1,0,2,1,0,0
13429,2,3,4,0,1,1,0,0,0,0,0,2,1,0,0
13430,2,1,4,1,0,0,0,0,0,0,0,70,0,1,70
13430,1,3,4,1,1,1,0,0,0,0,0,5,1,0,0
13430,2,2,4,0,0,0,0,0,0,0,0,8,0,0,0
13430,2,3,4,1,1,1,0,0,0,0,0,13,1,0,0
13430,1,1,4,1,0,0,0,0,0,0,0,14,0,1,14
13430,2,2,4,1,0,0,0,0,0,0,0,18,0,1,18
13430,1,3,4,1,0,0,0,0,0,0,0,30,0,1,30
13430,2,1,4,1,1,0,0,0,0,1,0,3,1,0,0
13430,2,3,4,0,1,0,0,0,0,1,0,5,1,0,0
13430,2,3,4,1,1,1,1,0,0,0,0,8,1,0,0
13430,2,3,4,1,0,0,0,0,0,0,0,122,0,1,122
13430,1,3,4,0,1,0,0,0,0,1,0,2,1,0,0
13430,2,4,4,1,1,1,0,0,0,1,0,2,1,0,0
13430,1,0,4,0,0,0,0,0,0,0,0,2,0,0,0
13430,2,0,4,1,0,0,0,0,0,0,0,18,0,1,18
13430,2,1,4,1,1,1,0,0,0,0,0,3,1,0,0
13430,2,5,4,1,0,0,0,0,0,0,0,2,0,1,2
13430,2,4,4,0,0,0,0,0,0,0,0,2,0,0,0
13430,2,0,4,1,1,1,0,0,0,0,0,2,1,0,0
13430,2,1,4,0,0,0,0,0,0,0,0,68,0,0,0
13430,2,1,4,0,1,0,0,0,0,0,1,3,1,0,0
13430,2,0,4,0,0,0,0,0,0,0,0,15,0,0,0
13430,2,3,4,1,1,0,0,0,0,0,1,4,1,0,0
13430,1,3,4,0,0,0,0,0,0,0,0,8,0,0,0
13430,2,3,4,0,0,0,0,0,0,0,0,44,0,0,0
13430,1,1,4,0,0,0,0,0,0,0,0,9,0,0,0
13430,1,0,4,1,0,0,0,0,0,0,0,7,0,1,7
13430,2,0,4,0,1,0,0,0,0,0,1,2,1,0,0
13430,1,3,4,1,1,0,0,0,0,0,1,4,1,0,0
13430,2,2,4,0,1,1,1,0,0,0,1,2,1,0,0
13431,2,1,4,0,1,0,0,0,0,1,0,2,1,0,0
13431,2,0,4,1,0,0,0,0,0,0,0,5,0,1,5
13431,1,1,4,0,0,0,0,0,0,0,0,15,0,0,0
13431,1,2,4,1,0,0,0,0,0,0,0,3,0,1,3
13431,2,3,4,1,1,1,0,0,0,0,1,2,1,0,0
13431,2,2,4,1,0,0,0,0,0,0,0,2,0,1,2
13431,1,1,4,1,0,0,0,0,0,0,0,16,0,1,16
13431,1,3,4,1,1,1,0,0,0,0,0,7,1,0,0
13431,2,0,4,0,0,0,0,0,0,0,0,3,0,0,0
13431,2,3,4,1,1,1,0,0,0,0,0,4,1,0,0
13431,2,3,4,1,1,0,0,0,0,1,0,2,1,0,0
13431,1,1,4,1,1,1,0,0,0,0,0,2,1,0,0
13431,2,1,4,0,0,0,0,0,0,0,0,17,0,0,0
13431,1,3,4,0,0,0,0,0,0,0,0,5,0,0,0
13431,2,3,4,0,0,0,0,0,0,0,0,9,0,0,0
13431,1,0,4,0,0,0,0,0,0,0,0,8,0,0,0
13431,2,3,4,1,1,1,1,0,0,0,0,2,1,0,0
13431,1,1,4,0,1,1,0,0,0,0,0,2,1,0,0
13431,1,3,4,1,0,0,0,0,0,0,0,30,0,1,30
13431,2,3,4,1,0,0,0,0,0,0,0,22,0,1,22
13431,1,3,4,1,1,1,0,0,0,1,0,2,1,0,0
13431,1,2,4,0,0,0,0,0,0,0,0,2,0,0,0
13431,2,1,4,1,0,0,0,0,0,0,0,11,0,1,11
13431,1,0,4,1,0,0,0,0,0,0,0,5,0,1,5
13431,2,2,4,0,0,0,0,0,0,0,0,2,0,0,0
13459,2,1,1,1,0,0,0,0,0,0,0,12,0,1,12
13459,1,1,1,0,1,0,0,0,0,0,1,2,1,0,0
13459,1,0,1,0,0,0,0,0,0,0,0,5,0,0,0
13459,2,2,1,1,1,1,0,0,0,0,0,3,1,0,0
13459,1,0,1,1,0,0,0,0,0,0,0,7,0,1,7
13459,2,3,1,1,1,1,0,0,0,0,0,4,1,0,0
13459,1,1,1,1,1,1,0,0,0,0,0,3,1,0,0
13459,2,0,1,1,0,0,0,0,0,0,0,2,0,1,2
13459,2,3,1,1,1,0,0,0,0,0,1,2,1,0,0
13459,2,3,1,0,0,0,0,0,0,0,0,18,0,0,0
13459,2,2,1,1,0,0,0,0,0,0,0,5,0,1,5
13459,1,2,1,0,0,0,0,0,0,0,0,2,0,0,0
13459,1,3,1,0,0,0,0,0,0,0,0,17,0,0,0
13459,2,3,1,1,0,0,0,0,0,0,0,26,0,1,26
13459,1,1,1,0,0,0,0,0,0,0,0,26,0,0,0
13459,1,1,1,1,1,0,0,0,0,1,0,2,1,0,0
13459,1,1,1,1,0,0,0,0,0,0,0,32,0,1,32
13459,2,1,1,0,0,0,0,0,0,0,0,10,0,0,0
13459,2,0,1,0,0,0,0,0,0,0,0,3,0,0,0
13459,2,2,1,0,0,0,0,0,0,0,0,2,0,0,0
13459,1,3,1,1,0,0,0,0,0,0,0,47,0,1,47
13459,1,2,1,1,0,0,0,0,0,0,0,9,0,1,9
13459,1,0,1,0,1,0,0,0,0,1,0,2,1,0,0
13459,1,3,1,1,1,1,0,0,0,0,0,3,1,0,0
19562,2,2,3,0,0,0,0,0,0,0,0,6,0,0,0
19562,1,2,3,1,1,1,0,0,0,0,0,2,1,0,0
19562,2,1,3,0,0,0,0,0,0,0,0,41,0,0,0
19562,1,3,3,0,0,0,0,0,0,0,0,40,0,0,0
19562,2,0,3,1,0,0,0,0,0,0,0,9,0,1,9
19562,1,3,3,1,0,0,0,0,0,0,0,61,0,1,61
19562,2,0,3,0,0,0,0,0,0,0,0,8,0,0,0
19562,1,0,3,0,0,0,0,0,0,0,0,17,0,0,0
19562,2,2,3,1,0,0,0,0,0,0,0,11,0,1,11
19562,1,3,3,1,1,0,0,0,0,0,1,3,1,0,0
19562,2,1,3,0,1,0,0,0,0,0,1,2,1,0,0
19562,1,4,3,0,0,0,0,0,0,0,0,3,0,0,0
19562,1,2,3,1,0,0,0,0,0,0,0,12,0,1,12
19562,1,1,3,1,1,1,0,0,0,0,0,2,1,0,0
19562,1,0,3,1,0,0,0,0,0,0,0,12,0,1,12
19562,2,5,3,1,0,0,0,0,0,0,0,2,0,1,2
19562,1,1,3,0,0,0,0,0,0,0,0,45,0,0,0
19562,2,1,3,1,0,0,0,0,0,0,0,20,0,1,20
19562,2,3,3,0,0,0,0,0,0,0,0,20,0,0,0
19562,1,1,3,1,0,0,0,0,0,0,0,40,0,1,40
19562,2,3,3,1,0,0,0,0,0,0,0,58,0,1,58
19562,2,1,3,1,1,0,0,0,0,0,1,2,1,0,0
19562,2,3,3,0,1,1,0,0,0,0,0,2,1,0,0
19562,2,3,3,1,1,1,0,0,0,0,0,2,1,0,0
19562,2,1,3,0,1,0,0,0,0,1,0,3,1,0,0
19562,1,4,3,1,0,0,0,0,0,0,0,5,0,1,5
19562,1,3,3,1,1,1,0,0,0,0,0,2,1,0,0
19562,1,1,3,0,1,0,0,0,0,1,0,2,1,0,0
19562,1,2,3,0,0,0,0,0,0,0,0,7,0,0,0
19563,1,1,4,1,0,0,0,0,0,0,0,9,0,1,9
19563,1,1,4,0,0,0,0,0,0,0,0,6,0,0,0
19563,2,0,4,0,0,0,0,0,0,0,0,5,0,0,0
19563,1,3,4,0,1,0,0,0,0,1,0,2,1,0,0
19563,2,1,4,0,0,0,0,0,0,0,0,28,0,0,0
19563,1,3,4,1,0,0,0,0,0,0,0,15,0,1,15
19563,1,0,4,0,0,0,0,0,0,0,0,2,0,0,0
19563,2,2,4,0,0,0,0,0,0,0,0,3,0,0,0
19563,2,2,4,1,0,0,0,0,0,0,0,2,0,1,2
19563,1,2,4,1,0,0,0,0,0,0,0,3,0,1,3
19563,1,2,4,0,0,0,0,0,0,0,0,2,0,0,0
19563,1,3,4,1,1,1,0,0,0,0,0,6,1,0,0
19563,2,3,4,0,0,0,0,0,0,0,0,13,0,0,0
19563,1,3,4,0,0,0,0,0,0,0,0,7,0,0,0
19563,2,1,4,1,0,0,0,0,0,0,0,25,0,1,25
19563,2,3,4,1,1,1,0,0,0,0,0,4,1,0,0
19563,2,3,4,1,0,0,0,0,0,0,0,48,0,1,48
19563,1,1,4,1,1,1,1,0,0,0,0,2,1,0,0
19563,2,0,4,1,0,0,0,0,0,0,0,9,0,1,9
19563,1,0,4,1,0,0,0,0,0,0,0,4,0,1,4
26564,1,1,4,0,0,0,0,0,0,0,0,10,0,0,0
26564,2,0,4,0,0,0,0,0,0,0,0,11,0,0,0
26564,2,1,4,0,1,0,0,0,0,1,0,3,1,0,0
26564,1,3,4,1,0,0,0,0,0,0,0,5,0,1,5
26564,1,0,4,1,0,0,0,0,0,0,0,2,0,1,2
26564,2,3,4,1,0,0,0,0,0,0,0,9,0,1,9
26564,2,3,4,0,1,0,0,0,0,0,1,2,1,0,0
26564,1,3,4,0,0,0,0,0,0,0,0,4,0,0,0
26564,1,0,4,0,0,0,0,0,0,0,0,3,0,0,0
26564,1,3,4,0,1,0,0,0,0,0,1,2,1,0,0
26564,1,2,4,0,0,0,0,0,0,0,0,2,0,0,0
26564,2,2,4,0,0,0,0,0,0,0,0,16,0,0,0
26564,2,1,4,1,0,0,0,0,0,0,0,2,0,1,2
26564,1,3,4,1,1,1,0,0,0,0,0,2,1,0,0
26564,2,1,4,0,0,0,0,0,0,0,0,29,0,0,0
26564,2,3,4,0,1,1,0,0,0,0,0,3,1,0,0
26564,2,3,4,0,0,0,0,0,0,0,0,44,0,0,0
43454,2,2,4,1,0,0,0,0,0,0,0,8,0,1,8
43454,2,3,4,0,0,0,0,0,0,0,0,21,0,0,0
43454,1,1,4,1,0,0,0,0,0,0,0,8,0,1,8
43454,2,0,4,1,0,0,0,0,0,0,0,6,0,1,6
43454,1,1,4,1,1,1,0,0,0,0,1,2,1,0,0
43454,1,3,4,0,0,0,0,0,0,0,0,7,0,0,0
43454,2,1,4,0,0,0,0,0,0,0,0,35,0,0,0
43454,1,0,4,1,0,0,0,0,0,0,0,4,0,1,4
43454,1,1,4,0,0,0,0,0,0,0,0,7,0,0,0
43454,2,3,4,0,1,0,0,1,0,0,1,2,1,0,0
43454,2,2,4,1,1,1,0,0,0,0,0,2,1,0,0
43454,2,3,4,0,1,0,0,0,0,1,0,2,1,0,0
43454,1,3,4,1,0,0,0,0,0,0,0,10,0,1,10
43454,2,3,4,1,0,0,0,0,0,0,0,39,0,1,39
43454,2,1,4,1,0,0,0,0,0,0,0,15,0,1,15
43454,2,3,4,0,1,0,0,0,0,0,1,2,1,0,0
43454,2,2,4,0,0,0,0,0,0,0,0,2,0,0,0
43454,1,0,4,0,0,0,0,0,0,0,0,2,0,0,0
43454,2,0,4,0,0,0,0,0,0,0,0,4,0,0,0
43454,1,1,4,0,1,0,0,0,0,1,0,2,1,0,0
44258,1,0,4,1,0,0,0,0,0,0,0,19,0,1,19
44258,1,2,4,1,0,0,0,0,0,0,0,11,0,1,11
44258,1,1,4,1,0,0,0,0,0,0,0,74,0,1,74
44258,1,3,4,1,1,0,0,0,0,1,0,9,1,0,0
44258,2,1,4,0,1,0,0,0,0,1,0,2,1,0,0
44258,2,3,4,0,0,0,0,0,0,0,0,5,0,0,0
44258,1,1,4,0,0,0,0,0,0,0,0,39,0,0,0
44258,1,3,4,1,1,1,1,0,0,0,0,2,1,0,0
44258,2,1,4,1,0,0,0,0,0,0,0,20,0,1,20
44258,1,3,4,1,1,1,0,0,0,0,0,16,1,0,0
44258,2,1,4,0,0,0,0,0,0,0,0,6,0,0,0
44258,1,3,4,0,1,0,0,0,0,1,0,6,1,0,0
44258,1,1,4,0,1,1,1,0,0,0,0,2,1,0,0
44258,1,1,4,1,1,0,0,0,0,1,0,2,1,0,0
44258,1,3,4,0,1,0,0,0,0,0,1,2,1,0,0
44258,1,4,4,1,0,0,0,0,0,0,0,2,0,1,2
44258,2,2,4,1,0,0,0,0,0,0,0,3,0,1,3
44258,2,0,4,1,0,0,0,0,0,0,0,2,0,1,2
44258,1,0,4,0,1,0,0,0,0,1,0,4,1,0,0
44258,1,5,4,0,0,0,0,0,0,0,0,2,0,0,0
44258,2,3,4,1,0,0,0,0,0,0,0,35,0,1,35
44258,1,3,4,0,0,0,0,0,0,0,0,32,0,0,0
44258,2,1,4,1,1,0,0,0,0,1,0,2,1,0,0
44258,1,0,4,1,1,0,0,0,0,1,0,3,1,0,0
44258,2,3,4,1,1,1,0,0,0,0,0,4,1,0,0
44258,1,3,4,0,1,0,0,0,0,1,1,2,1,0,0
44258,2,2,4,0,0,0,0,0,0,0,0,3,0,0,0
44258,1,3,4,1,1,1,0,0,0,0,1,2,1,0,0
44258,1,2,4,1,1,1,0,0,0,0,0,3,1,0,0
44258,1,3,4,1,0,0,0,0,0,0,0,102,0,1,102
44258,2,3,4,0,1,0,0,0,0,1,0,2,1,0,0
44258,1,1,4,0,1,0,0,0,0,0,1,9,1,0,0
44258,1,3,4,0,1,1,0,0,0,0,0,2,1,0,0
44258,1,3,4,0,1,0,0,1,0,0,0,2,1,0,0
44258,2,3,4,1,1,0,0,0,0,1,0,3,1,0,0
44258,1,3,4,1,1,0,0,0,0,0,1,3,1,0,0
44258,1,0,4,1,1,1,0,0,0,0,0,4,1,0,0
44258,1,1,4,0,1,0,0,0,0,1,0,10,1,0,0
44258,1,0,4,0,0,0,0,0,0,0,0,12,0,0,0
44258,1,2,4,0,0,0,0,0,0,0,0,6,0,0,0
44258,2,3,4,1,1,1,0,0,0,1,0,2,1,0,0
97039,1,1,4,0,0,0,0,0,0,0,0,19,0,0,0
97039,2,2,4,1,0,0,0,0,0,0,0,3,0,1,3
97039,2,1,4,0,1,0,0,1,0,0,0,2,1,0,0
97039,2,3,4,0,1,0,0,0,0,0,1,5,1,0,0
97039,2,1,4,0,0,0,0,0,0,0,0,37,0,0,0
97039,1,0,4,0,0,0,0,0,0,0,0,2,0,0,0
97039,1,0,4,0,1,0,0,0,0,0,1,2,1,0,0
97039,2,0,4,0,0,0,0,0,0,0,0,10,0,0,0
97039,2,1,4,1,0,0,0,0,0,0,0,6,0,1,6
97039,2,2,4,0,1,0,0,0,0,0,1,3,1,0,0
97039,1,1,4,0,1,0,0,0,0,0,1,2,1,0,0
97039,1,2,4,0,0,0,0,0,0,0,0,7,0,0,0
97039,2,2,4,0,0,0,0,0,0,0,0,22,0,0,0
97039,2,3,4,0,0,0,0,0,0,0,0,54,0,0,0
97039,1,3,4,0,0,0,0,0,0,0,0,9,0,0,0
97039,2,4,4,0,0,0,0,0,0,0,0,3,0,0,0
97039,2,3,4,0,1,1,1,0,0,0,0,2,1,0,0
97039,2,1,4,0,1,0,0,0,0,0,1,4,1,0,0
97039,2,3,4,1,0,0,0,0,0,0,0,21,0,1,21
97039,1,1,4,1,0,0,0,0,0,0,0,3,0,1,3
97039,1,3,4,1,0,0,0,0,0,0,0,7,0,1,7
97039,2,0,4,1,0,0,0,0,0,0,0,2,0,1,2
100220,1,1,4,1,0,0,0,0,0,0,0,25,0,1,25
100220,2,3,4,1,1,0,0,0,0,1,0,2,1,0,0
100220,2,2,4,0,0,0,0,0,0,0,0,6,0,0,0
100220,2,3,4,1,0,0,0,0,0,0,0,41,0,1,41
100220,1,2,4,0,0,0,0,0,0,0,0,6,0,0,0
100220,2,1,4,0,0,0,0,0,0,0,0,29,0,0,0
100220,2,2,4,1,0,0,0,0,0,0,0,4,0,1,4
100220,2,3,4,1,1,1,0,0,0,0,0,3,1,0,0
100220,1,3,4,0,0,0,0,0,0,0,0,22,0,0,0
100220,2,3,4,0,0,0,0,0,0,0,0,16,0,0,0
100220,1,0,4,1,0,0,0,0,0,0,0,11,0,1,11
100220,1,2,4,1,0,0,0,0,0,0,0,3,0,1,3
100220,1,3,4,1,1,1,0,0,0,0,0,3,1,0,0
100220,1,3,4,1,0,0,0,0,0,0,0,59,0,1,59
100220,2,0,4,1,0,0,0,0,0,0,0,10,0,1,10
100220,2,1,4,1,0,0,0,0,0,0,0,13,0,1,13
100220,1,1,4,0,1,0,0,0,0,1,0,2,1,0,0
100220,1,0,4,0,0,0,0,0,0,0,0,9,0,0,0
100220,1,2,4,1,1,1,0,0,0,0,0,2,1,0,0
100220,2,0,4,0,0,0,0,0,0,0,0,4,0,0,0
100220,1,1,4,0,0,0,0,0,0,0,0,28,0,0,0
107438,1,1,2,0,0,0,0,0,0,0,0,18,0,0,0
107438,1,3,2,1,0,0,0,0,0,0,0,14,0,1,14
107438,2,0,2,0,0,0,0,0,0,0,0,2,0,0,0
107438,2,2,2,1,0,0,0,0,0,0,0,4,0,1,4
107438,1,1,2,1,1,0,0,0,0,0,1,3,1,0,0
107438,1,1,2,1,1,0,0,0,0,1,0,2,1,0,0
107438,1,2,2,1,0,0,0,0,0,0,0,2,0,1,2
107438,2,1,2,1,0,0,0,0,0,0,0,10,0,1,10
107438,2,1,2,0,0,0,0,0,0,0,0,11,0,0,0
107438,1,3,2,1,1,1,0,0,0,0,0,2,1,0,0
107438,2,3,2,1,0,0,0,0,0,0,0,13,0,1,13
107438,1,1,2,1,0,0,0,0,0,0,0,20,0,1,20
107438,2,3,2,0,0,0,0,0,0,0,0,2,0,0,0
107438,1,2,2,0,0,0,0,0,0,0,0,2,0,0,0
107438,1,0,2,0,0,0,0,0,0,0,0,2,0,0,0
107438,1,0,2,1,0,0,0,0,0,0,0,3,0,1,3
107438,2,2,2,0,0,0,0,0,0,0,0,2,0,0,0
107438,1,3,2,0,0,0,0,0,0,0,0,10,0,0,0
107438,2,0,2,1,0,0,0,0,0,0,0,3,0,1,3
107440,2,3,2,1,0,0,0,0,0,0,0,17,0,1,17
107440,2,1,2,0,1,0,0,0,0,0,1,2,1,0,0
107440,1,4,2,0,0,0,0,0,0,0,0,2,0,0,0
107440,2,1,2,1,0,0,0,0,0,0,0,2,0,1,2
107440,1,2,2,1,0,0,0,0,0,0,0,2,0,1,2
107440,1,1,2,0,0,0,0,0,0,0,0,19,0,0,0
107440,1,1,2,1,1,1,0,0,0,0,0,2,1,0,0
107440,1,3,2,0,0,0,0,0,0,0,0,6,0,0,0
107440,2,0,2,1,0,0,0,0,0,0,0,2,0,1,2
107440,2,1,2,0,0,0,0,0,0,0,0,6,0,0,0
107440,1,1,2,1,0,0,0,0,0,0,0,24,0,1,24
107440,1,3,2,1,0,0,0,0,0,0,0,17,0,1,17
107440,1,0,2,1,0,0,0,0,0,0,0,6,0,1,6
107440,2,3,2,0,0,0,0,0,0,0,0,3,0,0,0
107440,1,0,2,0,0,0,0,0,0,0,0,4,0,0,0
107456,1,1,4,0,0,0,0,0,0,0,0,11,0,0,0
107456,2,1,4,1,0,0,0,0,0,0,0,5,0,1,5
107456,2,1,4,0,0,0,0,0,0,0,0,6,0,0,0
107456,2,2,4,1,0,0,0,0,0,0,0,2,0,1,2
107456,1,1,4,1,0,0,0,0,0,0,0,6,0,1,6
107456,1,1,4,0,1,0,0,0,0,0,1,2,1,0,0
107456,2,3,4,0,0,0,0,0,0,0,0,6,0,0,0
107456,1,3,4,0,0,0,0,0,0,0,0,9,0,0,0
107456,2,2,4,0,0,0,0,0,0,0,0,2,0,0,0
107456,1,2,4,0,0,0,0,0,0,0,0,2,0,0,0
107456,2,3,4,1,0,0,0,0,0,0,0,13,0,1,13
107456,1,3,4,1,0,0,0,0,0,0,0,15,0,1,15
107456,1,2,4,1,0,0,0,0,0,0,0,2,0,1,2
107548,2,0,1,0,0,0,0,0,0,0,0,3,0,0,0
107548,2,3,1,0,0,0,0,0,0,0,0,12,0,0,0
107548,2,2,3,1,0,0,0,0,0,0,0,11,0,1,11
107548,1,3,1,1,1,0,0,0,0,0,1,2,1,0,0
107548,2,3,1,1,1,0,0,0,0,1,0,3,1,0,0
107548,1,3,3,0,1,0,0,0,0,0,1,2,1,0,0
107548,1,4,1,0,0,0,0,0,0,0,0,2,0,0,0
107548,1,0,3,1,0,0,0,0,0,0,0,18,0,1,18
107548,2,3,3,1,0,0,0,0,0,0,0,39,0,1,39
107548,1,1,1,1,1,1,0,0,0,0,0,4,1,0,0
107548,2,2,1,0,0,0,0,0,0,0,0,2,0,0,0
107548,1,1,1,0,0,0,0,0,0,0,0,43,0,0,0
107548,1,3,1,0,0,0,0,0,0,0,0,22,0,0,0
107548,1,3,3,0,0,0,0,0,0,0,0,23,0,0,0
107548,1,0,1,1,1,1,0,0,0,0,0,3,1,0,0
107548,2,4,3,0,0,0,0,0,0,0,0,2,0,0,0
107548,1,1,1,0,1,0,0,0,0,1,0,2,1,0,0
107548,1,2,3,1,0,0,0,0,0,0,0,14,0,1,14
107548,1,3,1,1,0,0,0,0,0,0,0,89,0,1,89
107548,2,0,3,1,0,0,0,0,0,0,0,8,0,1,8
107548,1,3,1,1,1,1,0,0,0,0,0,4,1,0,0
107548,1,0,3,0,0,0,0,0,0,0,0,7,0,0,0
107548,2,2,3,1,1,0,0,0,0,0,1,2,1,0,0
107548,1,3,1,0,1,0,0,0,0,0,1,2,1,0,0
107548,2,3,1,0,1,1,0,0,0,0,0,2,1,0,0
107548,1,1,3,1,1,1,0,0,0,0,0,2,1,0,0
107548,2,0,1,1,0,0,0,0,0,0,0,9,0,1,9
107548,2,1,1,1,0,0,0,0,0,0,0,23,0,1,23
107548,1,1,1,0,1,0,0,0,0,0,1,2,1,0,0
107548,1,2,1,0,1,0,0,0,0,1,0,2,1,0,0
107548,2,1,3,1,0,0,0,0,0,0,0,12,0,1,12
107548,1,1,3,1,0,0,0,0,0,0,0,41,0,1,41
107548,2,2,1,1,0,0,0,0,0,0,0,8,0,1,8
107548,2,1,3,0,0,0,0,0,0,0,0,14,0,0,0
107548,1,1,1,1,1,0,0,0,0,1,0,2,1,0,0
107548,1,2,1,0,0,0,0,0,0,0,0,4,0,0,0
107548,2,3,3,0,0,0,0,0,0,0,0,24,0,0,0
107548,2,3,1,1,0,0,0,0,0,0,0,26,0,1,26
107548,2,3,3,1,1,1,0,0,0,0,0,3,1,0,0
107548,1,2,1,1,0,0,0,0,0,0,0,11,0,1,11
107548,2,1,1,0,1,1,0,0,0,0,0,3,1,0,0
107548,2,2,3,0,0,0,0,0,0,0,0,2,0,0,0
107548,1,2,1,1,1,1,0,0,0,0,0,2,1,0,0
107548,2,0,3,0,0,0,0,0,0,0,0,2,0,0,0
107548,1,1,1,1,0,0,0,0,0,0,0,62,0,1,62
107548,1,0,1,0,0,0,0,0,0,0,0,7,0,0,0
107548,1,2,3,0,0,0,0,0,0,0,0,7,0,0,0
107548,1,3,3,1,1,1,0,0,0,0,0,2,1,0,0
107548,1,3,3,1,0,0,0,0,0,0,0,84,0,1,84
107548,1,1,3,0,0,0,0,0,0,0,0,28,0,0,0
107548,1,0,1,1,0,0,0,0,0,0,0,10,0,1,10
107548,2,1,1,0,0,0,0,0,0,0,0,10,0,0,0
107548,2,3,1,1,1,1,0,0,0,0,0,4,1,0,0
107549,1,3,3,0,0,0,0,0,0,0,0,31,0,0,0
107549,2,3,1,1,0,0,0,0,0,0,0,40,0,1,40
107549,1,1,3,0,0,0,0,0,0,0,0,24,0,0,0
107549,1,0,3,1,0,0,0,0,0,0,0,7,0,1,7
107549,2,3,3,0,0,0,0,0,0,0,0,21,0,0,0
107549,2,3,3,1,0,0,0,0,0,0,0,55,0,1,55
107549,1,1,1,1,0,0,0,0,0,0,0,32,0,1,32
107549,1,2,1,1,0,0,0,0,0,0,0,8,0,1,8
107549,1,1,3,1,0,0,0,0,0,0,0,23,0,1,23
107549,1,0,1,0,0,0,0,0,0,0,0,6,0,0,0
107549,1,2,1,0,0,0,0,0,0,0,0,6,0,0,0
107549,2,1,1,1,0,0,0,0,0,0,0,20,0,1,20
107549,1,1,1,0,0,0,0,0,0,0,0,35,0,0,0
107549,1,0,1,1,0,0,0,0,0,0,0,10,0,1,10
107549,2,2,3,1,0,0,0,0,0,0,0,11,0,1,11
107549,1,1,1,0,1,0,0,0,0,1,0,3,1,0,0
107549,1,3,1,1,0,0,0,0,0,0,0,55,0,1,55
107549,2,0,3,0,0,0,0,0,0,0,0,5,0,0,0
107549,1,3,3,1,1,1,0,0,0,0,0,2,1,0,0
107549,2,2,1,0,0,0,0,0,0,0,0,3,0,0,0
107549,1,5,3,0,0,0,0,0,0,0,0,3,0,0,0
107549,1,0,3,0,0,0,0,0,0,0,0,9,0,0,0
107549,1,3,1,1,1,1,0,0,0,0,1,2,1,0,0
107549,1,3,3,1,0,0,0,0,0,0,0,54,0,1,54
107549,1,3,1,1,1,0,0,0,0,1,0,2,1,0,0
107549,2,1,3,1,0,0,0,0,0,0,0,20,0,1,20
107549,2,0,1,0,0,0,0,0,0,0,0,3,0,0,0
107549,2,3,1,0,0,0,0,0,0,0,0,18,0,0,0
107549,2,0,3,1,0,0,0,0,0,0,0,7,0,1,7
107549,2,2,3,0,0,0,0,0,0,0,0,5,0,0,0
107549,1,3,1,1,1,1,0,0,0,0,0,3,1,0,0
107549,1,3,1,0,0,0,0,0,0,0,0,23,0,0,0
107549,2,0,1,1,0,0,0,0,0,0,0,2,0,1,2
107549,2,1,3,0,0,0,0,0,0,0,0,25,0,0,0
107549,1,2,3,0,0,0,0,0,0,0,0,4,0,0,0
107549,2,1,1,0,0,0,0,0,0,0,0,18,0,0,0
107549,2,2,1,1,0,0,0,0,0,0,0,9,0,1,9
107549,1,2,3,1,0,0,0,0,0,0,0,7,0,1,7
107552,1,3,1,1,0,0,0,0,0,0,0,19,0,1,19
107552,2,3,1,0,0,0,0,0,0,0,0,4,0,0,0
107552,1,1,1,0,0,0,0,0,0,0,0,9,0,0,0
107552,2,1,1,0,0,0,0,0,0,0,0,7,0,0,0
107552,2,3,1,0,1,0,0,0,0,0,1,2,1,0,0
107552,1,1,1,1,0,0,0,0,0,0,0,8,0,1,8
107552,1,2,1,1,0,0,0,0,0,0,0,4,0,1,4
107552,1,2,1,0,0,0,0,0,0,0,0,2,0,0,0
107552,1,0,1,1,0,0,0,0,0,0,0,3,0,1,3
107552,2,3,1,1,1,0,0,0,0,1,0,2,1,0,0
107552,2,3,1,1,0,0,0,0,0,0,0,4,0,1,4
107552,1,0,1,0,0,0,0,0,0,0,0,2,0,0,0
107552,2,1,1,1,0,0,0,0,0,0,0,4,0,1,4
107552,1,3,1,0,0,0,0,0,0,0,0,7,0,0,0
107552,2,2,1,1,0,0,0,0,0,0,0,2,0,1,2
107553,2,1,1,0,0,0,0,0,0,0,0,6,0,0,0
107553,1,3,1,0,0,0,0,0,0,0,0,14,0,0,0
107553,1,3,1,1,1,1,0,0,0,0,0,3,1,0,0
107553,1,2,1,1,0,0,0,0,0,0,0,5,0,1,5
107553,2,0,1,1,0,0,0,0,0,0,0,5,0,1,5
107553,1,2,1,0,0,0,0,0,0,0,0,2,0,0,0
107553,1,3,1,1,0,0,0,0,0,0,0,49,0,1,49
107553,2,2,1,1,0,0,0,0,0,0,0,3,0,1,3
107553,2,3,1,1,0,0,0,0,0,0,0,15,0,1,15
107553,1,0,1,1,0,0,0,0,0,0,0,10,0,1,10
107553,2,3,1,0,0,0,0,0,0,0,0,3,0,0,0
107553,1,1,1,0,1,1,0,0,0,0,0,2,1,0,0
107553,1,5,1,1,0,0,0,0,0,0,0,3,0,1,3
107553,2,3,1,0,1,1,0,0,0,0,0,2,1,0,0
107553,1,1,1,0,0,0,0,0,0,0,0,11,0,0,0
107553,1,1,1,1,0,0,0,0,0,0,0,23,0,1,23
107553,1,0,1,0,0,0,0,0,0,0,0,5,0,0,0
109948,1,3,0,1,0,0,0,0,0,0,0,24,0,1,24
109948,1,1,0,1,0,0,0,0,0,0,0,4,0,1,4
109948,1,2,0,1,0,0,0,0,0,0,0,4,0,1,4
109948,1,3,0,0,0,0,0,0,0,0,0,9,0,0,0
109948,2,1,0,1,0,0,0,0,0,0,0,19,0,1,19
109948,2,2,0,0,0,0,0,0,0,0,0,6,0,0,0
109948,2,3,0,1,0,0,0,0,0,0,0,39,0,1,39
109948,1,0,0,1,0,0,0,0,0,0,0,2,0,1,2
109948,2,2,0,1,0,0,0,0,0,0,0,8,0,1,8
109948,2,0,0,0,0,0,0,0,0,0,0,3,0,0,0
109948,2,1,0,0,0,0,0,0,0,0,0,27,0,0,0
109948,2,3,0,0,0,0,0,0,0,0,0,30,0,0,0
109948,1,1,0,0,0,0,0,0,0,0,0,3,0,0,0
109950,1,2,0,1,0,0,0,0,0,0,0,4,0,1,4
109950,1,1,0,0,0,0,0,0,0,0,0,13,0,0,0
109950,2,2,0,0,0,0,0,0,0,0,0,2,0,0,0
109950,2,1,0,0,0,0,0,0,0,0,0,7,0,0,0
109950,1,3,0,1,0,0,0,0,0,0,0,26,0,1,26
109950,2,3,0,1,0,0,0,0,0,0,0,9,0,1,9
109950,1,3,0,0,0,0,0,0,0,0,0,23,0,0,0
109950,2,3,0,0,0,0,0,0,0,0,0,10,0,0,0
109950,2,2,0,1,0,0,0,0,0,0,0,2,0,1,2
109950,1,1,0,1,0,0,0,0,0,0,0,2,0,1,2
109950,1,0,0,0,0,0,0,0,0,0,0,4,0,0,0
109950,1,0,0,1,0,0,0,0,0,0,0,2,0,1,2
109954,1,3,0,0,0,0,0,0,0,0,0,28,0,0,0
109954,1,0,0,0,0,0,0,0,0,0,0,4,0,0,0
109954,2,4,0,0,0,0,0,0,0,0,0,2,0,0,0
109954,2,2,0,0,0,0,0,0,0,0,0,4,0,0,0
109954,2,1,0,0,0,0,0,0,0,0,0,10,0,0,0
109954,2,3,0,0,0,0,0,0,0,0,0,12,0,0,0
109954,1,1,0,1,0,0,0,0,0,0,0,9,0,1,9
109954,2,0,0,0,0,0,0,0,0,0,0,2,0,0,0
109954,2,1,0,1,0,0,0,0,0,0,0,2,0,1,2
109954,2,3,0,1,0,0,0,0,0,0,0,21,0,1,21
109954,1,3,0,1,0,0,0,0,0,0,0,41,0,1,41
109954,1,1,0,0,0,0,0,0,0,0,0,15,0,0,0
109954,1,4,0,0,0,0,0,0,0,0,0,2,0,0,0
113604,1,3,4,1,1,1,0,0,0,0,0,9,1,0,0
113604,1,3,4,1,0,0,0,0,0,0,0,37,0,1,37
113604,2,0,4,0,0,0,0,0,0,0,0,3,0,0,0
113604,2,0,4,1,1,1,0,0,0,0,0,2,1,0,0
113604,1,2,4,0,1,1,0,0,0,0,0,2,1,0,0
113604,2,3,4,0,0,0,0,0,0,0,0,24,0,0,0
113604,1,3,4,0,0,0,0,0,0,0,0,19,0,0,0
113604,2,3,4,0,1,0,0,0,0,0,1,2,1,0,0
113604,1,2,4,0,0,0,0,0,0,0,0,2,0,0,0
113604,1,3,4,1,1,0,0,0,0,1,0,2,1,0,0
113604,2,0,4,1,0,0,0,0,0,0,0,8,0,1,8
113604,1,1,4,0,0,0,0,0,0,0,0,22,0,0,0
113604,2,1,4,1,1,1,0,0,0,0,0,2,1,0,0
113604,2,1,4,1,0,0,0,0,0,0,0,16,0,1,16
113604,1,3,4,1,1,1,1,0,0,0,0,3,1,0,0
113604,1,1,4,1,1,0,0,0,0,1,0,2,1,0,0
113604,1,2,4,1,0,0,0,0,0,0,0,9,0,1,9
113604,1,1,4,1,1,1,0,0,0,0,0,3,1,0,0
113604,1,1,4,0,1,0,0,0,0,1,0,2,1,0,0
113604,1,0,4,1,0,0,0,0,0,0,0,6,0,1,6
113604,2,1,4,1,1,0,0,0,0,1,0,2,1,0,0
113604,2,3,4,1,0,0,0,0,0,0,0,36,0,1,36
113604,2,2,4,1,0,0,0,0,0,0,0,8,0,1,8
113604,2,1,4,0,0,0,0,0,0,0,0,22,0,0,0
113604,2,2,4,0,1,1,0,0,0,0,0,2,1,0,0
113604,1,1,4,0,1,0,0,0,0,0,1,3,1,0,0
113604,1,0,4,0,0,0,0,0,0,0,0,8,0,0,0
113604,1,2,4,1,1,1,0,0,0,0,0,2,1,0,0
113604,2,1,4,0,1,1,0,0,0,0,0,2,1,0,0
113604,1,1,4,1,0,0,0,0,0,0,0,31,0,1,31
113604,2,3,4,1,1,1,0,0,0,0,0,11,1,0,0
113604,2,3,4,1,1,0,0,0,0,1,0,2,1,0,0
113609,1,3,4,1,1,1,1,0,0,0,0,2,1,0,0
113609,2,1,4,0,1,0,0,0,0,0,1,2,1,0,0
113609,2,3,4,1,1,1,1,0,0,0,0,3,1,0,0
113609,2,1,4,1,1,0,0,0,0,1,0,4,1,0,0
113609,2,3,4,0,1,1,0,0,0,0,0,2,1,0,0
113609,1,1,4,1,0,0,0,0,0,0,0,16,0,1,16
113609,2,0,4,1,0,0,0,0,0,0,0,12,0,1,12
113609,2,1,4,0,1,0,0,0,0,1,0,7,1,0,0
113609,2,1,4,0,0,0,0,0,0,0,0,58,0,0,0
113609,2,2,4,1,0,0,0,0,0,0,0,13,0,1,13
113609,1,0,4,1,0,0,0,0,0,0,0,5,0,1,5
113609,1,1,4,0,0,0,0,0,0,0,0,11,0,0,0
113609,2,3,4,0,0,0,0,0,0,0,0,32,0,0,0
113609,2,1,4,0,1,1,0,0,0,0,0,3,1,0,0
113609,1,0,4,0,0,0,0,0,0,0,0,3,0,0,0
113609,2,1,4,0,1,0,0,1,0,0,0,2,1,0,0
113609,1,3,4,0,1,1,0,0,0,0,0,3,1,0,0
113609,1,3,4,1,1,1,0,0,0,0,0,3,1,0,0
113609,2,3,4,0,1,0,0,0,0,1,1,2,1,0,0
113609,2,3,4,1,1,1,0,0,0,0,0,13,1,0,0
113609,2,3,4,0,1,0,0,0,0,1,0,2,1,0,0
113609,2,3,4,1,1,0,0,0,0,1,0,2,1,0,0
113609,2,0,4,0,0,0,0,0,0,0,0,14,0,0,0
113609,2,1,4,1,1,1,0,0,0,0,0,3,1,0,0
113609,2,3,4,1,1,0,0,0,0,0,1,4,1,0,0
113609,2,2,4,0,0,0,0,0,0,0,0,4,0,0,0
113609,2,0,4,0,1,0,0,0,0,1,0,4,1,0,0
113609,1,3,4,1,0,0,0,0,0,0,0,20,0,1,20
113609,1,3,4,0,0,0,0,0,0,0,0,11,0,0,0
113609,2,1,4,1,0,0,0,0,0,0,0,80,0,1,80
113609,2,3,4,1,0,0,0,0,0,0,0,94,0,1,94
113609,1,2,4,0,0,0,0,0,0,0,0,2,0,0,0
113609,1,1,4,0,1,0,0,0,0,1,0,2,1,0,0
113609,2,3,4,0,1,0,0,1,0,0,0,2,1,0,0
113615,1,0,4,1,0,0,0,0,0,0,0,10,0,1,10
113615,1,3,4,1,1,1,1,0,0,0,0,2,1,0,0
113615,1,1,4,0,0,0,0,0,0,0,0,27,0,0,0
113615,2,1,4,1,1,1,0,0,0,0,0,2,1,0,0
113615,1,2,4,0,0,0,0,0,0,0,0,3,0,0,0
113615,2,3,4,1,1,1,0,0,0,0,0,2,1,0,0
113615,2,1,4,0,1,0,0,0,0,0,1,2,1,0,0
113615,2,3,4,1,0,0,0,0,0,0,0,48,0,1,48
113615,1,3,4,1,1,1,0,0,0,0,0,4,1,0,0
113615,1,2,4,1,0,0,0,0,0,0,0,4,0,1,4
113615,1,3,4,1,0,0,0,0,0,0,0,57,0,1,57
113615,2,3,4,0,0,0,0,0,0,0,0,19,0,0,0
113615,2,0,4,1,0,0,0,0,0,0,0,8,0,1,8
113615,1,1,4,1,1,1,0,0,0,0,0,3,1,0,0
113615,2,2,4,1,0,0,0,0,0,0,0,5,0,1,5
113615,2,1,4,0,0,0,0,0,0,0,0,32,0,0,0
113615,1,1,4,1,0,0,0,0,0,0,0,31,0,1,31
113615,1,0,4,0,0,0,0,0,0,0,0,8,0,0,0
113615,1,2,4,1,1,1,0,0,0,0,0,3,1,0,0
113615,1,3,4,0,0,0,0,0,0,0,0,21,0,0,0
113615,2,0,4,0,0,0,0,0,0,0,0,8,0,0,0
113615,2,1,4,1,0,0,0,0,0,0,0,28,0,1,28
113615,2,3,4,1,1,1,1,0,0,0,0,3,1,0,0
113615,1,3,4,0,1,0,0,0,0,1,0,3,1,0,0
113615,2,2,4,0,0,0,0,0,0,0,0,2,0,0,0
113617,2,1,4,1,1,1,0,0,0,0,0,2,1,0,0
113617,2,0,4,1,1,1,0,0,0,0,0,2,1,0,0
113617,2,1,4,0,1,0,0,0,0,0,1,2,1,0,0
113617,1,0,4,1,0,0,0,0,0,0,0,8,0,1,8
113617,2,3,4,1,1,1,0,0,0,0,0,5,1,0,0
113617,1,3,4,1,1,0,0,0,0,1,0,2,1,0,0
113617,2,3,4,1,1,1,0,1,0,0,0,2,1,0,0
113617,1,1,4,0,0,0,0,0,0,0,0,16,0,0,0
113617,1,3,4,0,0,0,0,0,0,0,0,10,0,0,0
113617,2,4,4,1,0,0,0,0,0,0,0,2,0,1,2
113617,2,0,4,0,0,0,0,0,0,0,0,9,0,0,0
113617,2,1,4,0,1,0,0,0,0,1,0,4,1,0,0
113617,2,2,4,1,0,0,0,0,0,0,0,6,0,1,6
113617,2,2,4,0,0,0,0,0,0,0,0,3,0,0,0
113617,2,0,4,1,0,0,0,0,0,0,0,16,0,1,16
113617,1,1,4,1,0,0,0,0,0,0,0,19,0,1,19
113617,1,3,4,1,0,0,0,0,0,0,0,31,0,1,31
113617,1,0,4,0,0,0,0,0,0,0,0,4,0,0,0
113617,1,1,4,1,1,1,0,0,0,0,0,2,1,0,0
113617,2,3,4,0,0,0,0,0,0,0,0,28,0,0,0
113617,2,1,4,0,0,0,0,0,0,0,0,31,0,0,0
113617,1,2,4,1,0,0,0,0,0,0,0,3,0,1,3
113617,2,3,4,1,0,0,0,0,0,0,0,56,0,1,56
113617,2,1,4,1,0,0,0,0,0,0,0,39,0,1,39
113617,2,3,4,1,1,0,0,0,0,1,0,2,1,0,0
113621,1,2,3,1,0,0,0,0,0,0,0,20,0,1,20
113621,2,3,3,1,1,1,0,0,0,0,0,3,1,0,0
113621,2,2,3,0,0,0,0,0,0,0,0,13,0,0,0
113621,1,1,3,0,1,0,0,0,0,0,1,2,1,0,0
113621,1,3,3,1,1,0,0,0,0,0,1,3,1,0,0
113621,2,1,3,1,0,0,0,0,0,0,0,33,0,1,33
113621,2,3,3,0,1,0,0,0,0,1,0,2,1,0,0
113621,1,4,3,1,0,0,0,0,0,0,0,0,0,1,0
113621,1,3,3,0,1,0,0,0,0,1,0,0,1,0,0
113621,1,5,3,1,0,0,0,0,0,0,0,2,0,1,2
113621,2,1,3,1,1,0,0,0,0,0,1,2,1,0,0
113621,2,0,3,1,0,0,0,0,0,0,0,12,0,1,12
113621,2,4,3,0,0,0,0,0,0,0,0,3,0,0,0
113621,1,4,3,0,0,0,0,0,0,0,0,3,0,0,0
113621,2,3,3,1,1,0,0,0,0,1,0,2,1,0,0
113621,1,3,3,1,0,0,0,0,0,0,0,104,0,1,104
113621,2,3,3,0,0,0,0,0,0,0,0,42,0,0,0
113621,1,0,3,1,0,0,0,0,0,0,0,15,0,1,15
113621,2,2,3,1,1,0,0,0,0,0,1,2,1,0,0
113621,1,3,3,0,1,0,0,0,0,0,1,3,1,0,0
113621,2,1,3,0,0,0,0,0,0,0,0,56,0,0,0
113621,1,1,3,1,0,0,0,0,0,0,0,28,0,1,28
113621,2,3,3,1,0,0,0,0,0,0,0,76,0,1,76
113621,1,2,3,0,0,0,0,0,0,0,0,7,0,0,0
113621,2,2,3,1,0,0,0,0,0,0,0,9,0,1,9
113621,2,0,3,0,0,0,0,0,0,0,0,13,0,0,0
113621,1,0,3,0,0,0,0,0,0,0,0,10,0,0,0
113621,1,1,3,0,0,0,0,0,0,0,0,33,0,0,0
113621,1,3,3,0,0,0,0,0,0,0,0,50,0,0,0
116826,1,1,3,0,0,0,0,0,0,0,0,15,0,0,0
116826,2,3,3,0,0,0,0,0,0,0,0,30,0,0,0
116826,2,2,3,0,0,0,0,0,0,0,0,4,0,0,0
116826,1,2,3,1,0,0,0,0,0,0,0,5,0,1,5
116826,1,3,3,0,0,0,0,0,0,0,0,17,0,0,0
116826,2,0,3,0,0,0,0,0,0,0,0,8,0,0,0
116826,1,0,3,1,0,0,0,0,0,0,0,12,0,1,12
116826,1,3,3,1,0,0,0,0,0,0,0,51,0,1,51
116826,1,2,3,0,0,0,0,0,0,0,0,5,0,0,0
116826,2,3,3,1,0,0,0,0,0,0,0,38,0,1,38
116826,1,1,3,1,0,0,0,0,0,0,0,12,0,1,12
116826,2,1,3,1,0,0,0,0,0,0,0,12,0,1,12
116826,2,0,3,1,0,0,0,0,0,0,0,9,0,1,9
116826,1,0,3,0,0,0,0,0,0,0,0,9,0,0,0
116826,2,1,3,0,0,0,0,0,0,0,0,14,0,0,0
116826,2,2,3,1,0,0,0,0,0,0,0,9,0,1,9
116830,1,3,3,0,0,0,0,0,0,0,0,21,0,0,0
116830,2,1,3,1,0,0,0,0,0,0,0,21,0,1,21
116830,2,3,3,1,0,0,0,0,0,0,0,38,0,1,38
116830,2,1,3,0,0,0,0,0,0,0,0,35,0,0,0
116830,2,0,3,1,0,0,0,0,0,0,0,3,0,1,3
116830,2,3,3,0,0,0,0,0,0,0,0,44,0,0,0
116830,2,0,3,0,0,0,0,0,0,0,0,13,0,0,0
116830,1,2,3,1,0,0,0,0,0,0,0,7,0,1,7
116830,2,2,3,0,0,0,0,0,0,0,0,6,0,0,0
116830,1,1,3,0,0,0,0,0,0,0,0,34,0,0,0
116830,2,2,3,1,0,0,0,0,0,0,0,8,0,1,8
116830,1,0,3,1,0,0,0,0,0,0,0,8,0,1,8
116830,1,0,3,0,0,0,0,0,0,0,0,10,0,0,0
116830,1,3,3,1,1,1,0,0,0,0,0,2,1,0,0
116830,1,3,3,1,0,0,0,0,0,0,0,43,0,1,43
116830,2,5,3,0,0,0,0,0,0,0,0,2,0,0,0
116830,1,2,3,0,0,0,0,0,0,0,0,6,0,0,0
116830,1,1,3,1,0,0,0,0,0,0,0,23,0,1,23
122288,2,2,4,1,0,0,0,0,0,0,0,16,0,1,16
122288,1,3,4,0,0,0,0,0,0,0,0,13,0,0,0
122288,1,1,4,1,0,0,0,0,0,0,0,21,0,1,21
122288,1,0,4,0,0,0,0,0,0,0,0,4,0,0,0
122288,2,2,4,0,0,0,0,0,0,0,0,8,0,0,0
122288,1,2,4,0,1,0,0,0,0,0,1,2,1,0,0
122288,1,0,4,1,0,0,0,0,0,0,0,10,0,1,10
122288,2,1,4,0,1,0,0,0,0,0,1,3,1,0,0
122288,1,2,4,1,0,0,0,0,0,0,0,10,0,1,10
122288,2,1,4,1,0,0,0,0,0,0,0,43,0,1,43
122288,2,0,4,1,0,0,0,0,0,0,0,12,0,1,12
122288,1,1,4,0,0,0,0,0,0,0,0,20,0,0,0
122288,2,3,4,0,1,0,0,0,0,0,1,2,1,0,0
122288,2,3,4,1,0,0,0,0,0,0,0,84,0,1,84
122288,2,3,4,0,0,0,0,0,0,0,0,35,0,0,0
122288,2,3,4,1,1,1,0,0,0,0,0,3,1,0,0
122288,2,1,4,0,0,0,0,0,0,0,0,29,0,0,0
122288,1,3,4,1,0,0,0,0,0,0,0,37,0,1,37
122288,2,0,4,0,0,0,0,0,0,0,0,4,0,0,0
122918,1,3,4,0,0,0,0,0,0,0,0,14,0,0,0
122918,1,2,4,1,0,0,0,0,0,0,0,3,0,1,3
122918,1,3,4,1,1,1,0,0,0,0,1,3,1,0,0
122918,1,1,4,1,1,1,0,0,0,0,0,7,1,0,0
122918,1,4,4,0,0,0,0,0,0,0,0,2,0,0,0
122918,2,3,4,0,0,0,0,0,0,0,0,4,0,0,0
122918,1,2,4,0,0,0,0,0,0,0,0,3,0,0,0
122918,2,2,4,1,0,0,0,0,0,0,0,2,0,1,2
122918,1,3,4,1,1,0,0,0,0,0,1,3,1,0,0
122918,1,1,4,1,1,0,0,0,0,1,0,2,1,0,0
122918,1,3,4,1,1,0,0,0,0,1,0,4,1,0,0
122918,1,1,4,0,1,0,0,0,0,0,1,2,1,0,0
122918,1,0,4,1,0,0,0,0,0,0,0,14,0,1,14
122918,2,0,4,1,0,0,0,0,0,0,0,2,0,1,2
122918,1,1,4,0,1,0,0,0,0,1,0,3,1,0,0
122918,2,3,4,1,0,0,0,0,0,0,0,14,0,1,14
122918,2,1,4,0,0,0,0,0,0,0,0,5,0,0,0
122918,1,1,4,0,0,0,0,0,0,0,0,22,0,0,0
122918,1,0,4,1,1,1,0,0,0,0,0,2,1,0,0
122918,2,3,4,1,1,1,0,0,0,0,0,2,1,0,0
122918,1,3,4,1,0,0,0,0,0,0,0,58,0,1,58
122918,1,1,4,1,0,0,0,0,0,0,0,41,0,1,41
122918,1,0,4,0,0,0,0,0,0,0,0,8,0,0,0
122918,1,3,4,1,1,1,0,0,0,0,0,14,1,0,0
122918,2,1,4,1,0,0,0,0,0,0,0,11,0,1,11
122918,1,3,4,0,1,0,0,0,0,1,0,2,1,0,0
122924,2,2,3,0,0,0,0,0,0,0,0,2,0,0,0
122924,1,3,3,0,0,0,0,0,0,0,0,45,0,0,0
122924,1,0,3,0,0,0,0,0,0,0,0,14,0,0,0
122924,1,3,3,1,0,0,0,0,0,0,0,146,0,1,146
122924,1,3,3,1,1,0,0,0,0,1,0,3,1,0,0
122924,1,2,3,1,0,0,0,0,0,0,0,19,0,1,19
122924,1,1,3,0,0,0,0,0,0,0,0,34,0,0,0
122924,2,1,3,0,0,0,0,0,0,0,0,17,0,0,0
122924,2,1,3,1,0,0,0,0,0,0,0,6,0,1,6
122924,2,2,3,1,0,0,0,0,0,0,0,12,0,1,12
122924,1,3,3,1,1,1,0,0,0,0,0,4,1,0,0
122924,2,3,3,0,0,0,0,0,0,0,0,13,0,0,0
122924,1,4,3,1,0,0,0,0,0,0,0,3,0,1,3
122924,1,1,3,1,0,0,0,0,0,0,0,40,0,1,40
122924,1,2,3,0,0,0,0,0,0,0,0,11,0,0,0
122924,1,4,3,0,0,0,0,0,0,0,0,3,0,0,0
122924,2,0,3,1,0,0,0,0,0,0,0,5,0,1,5
122924,1,3,3,0,1,1,0,0,0,0,0,3,1,0,0
122924,2,3,3,1,1,1,0,0,0,0,0,6,1,0,0
122924,1,0,3,1,0,0,0,0,0,0,0,31,0,1,31
122924,2,3,3,1,0,0,0,0,0,0,0,27,0,1,27
122924,1,1,3,1,1,1,0,0,0,0,0,3,1,0,0
122926,1,0,4,1,0,0,0,0,0,0,0,24,0,1,24
122926,1,1,4,0,1,0,0,0,0,1,0,11,1,0,0
122926,1,0,4,0,1,0,0,0,0,1,0,3,1,0,0
122926,1,0,4,1,1,1,0,0,0,0,0,2,1,0,0
122926,1,1,4,1,0,0,0,0,0,0,0,65,0,1,65
122926,1,3,4,0,1,0,0,0,0,1,0,5,1,0,0
122926,1,1,4,1,1,1,0,0,0,0,0,3,1,0,0
122926,2,2,4,1,0,0,0,0,0,0,0,2,0,1,2
122926,1,4,4,1,0,0,0,0,0,0,0,2,0,1,2
122926,1,0,4,1,1,0,0,0,0,1,0,6,1,0,0
122926,1,1,4,0,1,0,0,0,0,1,1,3,1,0,0
122926,1,3,4,1,0,0,0,0,0,0,0,123,0,1,123
122926,1,1,4,0,0,0,0,0,0,0,0,64,0,0,0
122926,2,1,4,1,0,0,0,0,0,0,0,12,0,1,12
122926,1,0,4,0,0,0,0,0,0,0,0,16,0,0,0
122926,1,2,4,0,0,0,0,0,0,0,0,7,0,0,0
122926,2,1,4,0,0,0,0,0,0,0,0,4,0,0,0
122926,1,2,4,1,0,0,0,0,0,0,0,14,0,1,14
122926,2,0,4,1,0,0,0,0,0,0,0,3,0,1,3
122926,1,3,4,1,1,0,0,0,0,0,1,2,1,0,0
122926,2,3,4,1,1,1,0,0,0,0,0,2,1,0,0
122926,1,3,4,1,1,1,0,0,0,0,0,8,1,0,0
122926,1,3,4,1,1,0,0,0,0,1,0,6,1,0,0
122926,1,4,4,0,0,0,0,0,0,0,0,2,0,0,0
122926,1,3,4,0,1,1,0,0,0,0,0,2,1,0,0
122926,2,3,4,1,0,0,0,0,0,0,0,11,0,1,11
122926,1,3,4,0,0,0,0,0,0,0,0,38,0,0,0
122926,2,3,4,0,0,0,0,0,0,0,0,7,0,0,0
122926,1,3,4,1,1,1,0,0,0,1,0,2,1,0,0
122928,1,1,2,0,0,0,0,0,0,0,0,30,0,0,0
122928,2,3,2,0,0,0,0,0,0,0,0,4,0,0,0
122928,1,1,2,0,1,1,0,0,0,0,0,2,1,0,0
122928,2,1,2,1,1,1,0,0,0,0,0,2,1,0,0
122928,1,2,2,0,0,0,0,0,0,0,0,5,0,0,0
122928,2,2,2,1,0,0,0,0,0,0,0,3,0,1,3
122928,2,3,2,1,0,0,0,0,0,0,0,25,0,1,25
122928,1,0,2,1,0,0,0,0,0,0,0,6,0,1,6
122928,2,1,2,1,0,0,0,0,0,0,0,8,0,1,8
122928,1,3,2,1,1,1,0,0,0,0,0,2,1,0,0
122928,1,2,2,1,0,0,0,0,0,0,0,3,0,1,3
122928,1,3,2,0,0,0,0,0,0,0,0,13,0,0,0
122928,1,1,2,1,0,0,0,0,0,0,0,24,0,1,24
122928,1,0,2,0,0,0,0,0,0,0,0,7,0,0,0
122928,1,3,2,1,0,0,0,0,0,0,0,36,0,1,36
122928,2,3,2,1,1,1,0,0,0,0,0,5,1,0,0
122928,2,1,2,0,0,0,0,0,0,0,0,6,0,0,0
122928,1,3,2,1,1,0,0,0,0,1,0,2,1,0,0
122928,1,1,2,0,1,0,0,0,0,1,0,2,1,0,0
122930,1,3,1,1,1,0,0,0,0,0,1,2,1,0,0
122930,2,2,1,1,0,0,0,0,0,0,0,3,0,1,3
122930,2,1,1,1,0,0,0,0,0,0,0,8,0,1,8
122930,2,3,1,0,0,0,0,0,0,0,0,6,0,0,0
122930,1,3,1,1,0,0,0,0,0,0,0,28,0,1,28
122930,2,0,1,0,0,0,0,0,0,0,0,3,0,0,0
122930,2,1,1,0,0,0,0,0,0,0,0,13,0,0,0
122930,1,0,1,0,0,0,0,0,0,0,0,5,0,0,0
122930,1,1,1,0,0,0,0,0,0,0,0,24,0,0,0
122930,1,2,1,1,0,0,0,0,0,0,0,1,0,1,1
122930,1,0,1,1,0,0,0,0,0,0,0,5,0,1,5
122930,1,3,1,0,0,0,0,0,0,0,0,12,0,0,0
122930,1,3,1,1,1,1,0,0,0,0,0,3,1,0,0
122930,1,4,1,0,0,0,0,0,0,0,0,2,0,0,0
122930,2,3,1,1,0,0,0,0,0,0,0,17,0,1,17
122930,1,1,1,1,0,0,0,0,0,0,0,11,0,1,11
122934,2,1,3,1,0,0,0,0,0,0,0,30,0,1,30
122934,1,3,3,0,0,0,0,0,0,0,0,16,0,0,0
122934,1,2,3,1,0,0,0,0,0,0,0,3,0,1,3
122934,1,1,3,1,0,0,0,0,0,0,0,11,0,1,11
122934,2,1,3,0,0,0,0,0,0,0,0,33,0,0,0
122934,2,3,3,1,0,0,0,0,0,0,0,56,0,1,56
122934,1,1,3,0,0,0,0,0,0,0,0,17,0,0,0
122934,2,0,3,1,0,0,0,0,0,0,0,8,0,1,8
122934,2,1,3,0,1,0,0,0,0,1,0,3,1,0,0
122934,2,0,3,0,0,0,0,0,0,0,0,7,0,0,0
122934,2,2,3,0,0,0,0,0,0,0,0,2,0,0,0
122934,1,0,3,1,0,0,0,0,0,0,0,2,0,1,2
122934,1,2,3,0,0,0,0,0,0,0,0,4,0,0,0
122934,2,2,3,1,1,1,0,0,0,0,0,2,1,0,0
122934,2,3,3,0,0,0,0,0,0,0,0,24,0,0,0
122934,2,2,3,1,0,0,0,0,0,0,0,6,0,1,6
122934,2,3,3,0,1,1,0,0,0,0,0,3,1,0,0
122934,2,3,3,1,1,1,0,0,0,0,0,3,1,0,0
122934,1,3,3,1,0,0,0,0,0,0,0,19,0,1,19
122934,2,1,3,0,1,0,0,0,0,0,1,3,1,0,0
313399,1,1,4,1,1,1,0,0,0,0,0,2,1,0,0
313399,2,1,4,1,1,0,0,0,0,1,0,2,1,0,0
313399,1,2,4,1,0,0,0,0,0,0,0,6,0,1,6
313399,2,3,4,0,1,0,0,0,0,1,0,2,1,0,0
313399,1,0,4,0,0,0,0,0,0,0,0,4,0,0,0
313399,2,0,4,0,0,0,0,0,0,0,0,5,0,0,0
313399,1,3,4,1,0,0,0,0,0,0,0,36,0,1,36
313399,2,3,4,0,1,1,0,0,0,0,0,2,1,0,0
313399,2,1,4,1,0,0,0,0,0,0,0,23,0,1,23
313399,1,0,4,1,0,0,0,0,0,0,0,8,0,1,8
313399,1,2,4,0,0,0,0,0,0,0,0,4,0,0,0
313399,1,1,4,1,0,0,0,0,0,0,0,29,0,1,29
313399,2,2,4,1,0,0,0,0,0,0,0,2,0,1,2
313399,2,3,4,1,0,0,0,0,0,0,0,26,0,1,26
313399,2,3,4,0,0,0,0,0,0,0,0,10,0,0,0
313399,2,0,4,1,0,0,0,0,0,0,0,10,0,1,10
313399,1,1,4,0,1,0,0,0,0,0,1,2,1,0,0
313399,1,3,4,1,1,0,0,0,0,1,0,3,1,0,0
313399,1,3,4,1,1,1,0,0,0,0,0,4,1,0,0
313399,1,1,4,0,0,0,0,0,0,0,0,24,0,0,0
313399,1,3,4,0,0,0,0,0,0,0,0,10,0,0,0
313399,2,1,4,0,1,0,0,0,0,1,0,2,1,0,0
313399,1,3,4,0,1,0,0,0,0,0,1,2,1,0,0
313399,2,2,4,1,1,1,0,0,0,0,0,2,1,0,0
313399,2,3,4,1,1,1,0,0,0,1,0,2,1,0,0
313399,2,1,4,0,0,0,0,0,0,0,0,19,0,0,0
313399,1,3,4,0,1,0,0,0,0,1,1,2,1,0,0
313400,2,0,4,0,0,0,0,0,0,0,0,2,0,0,0
313400,1,1,4,1,1,1,0,0,0,0,0,2,1,0,0
313400,2,3,4,1,0,0,0,0,0,0,0,22,0,1,22
313400,1,2,4,1,0,0,0,0,0,0,0,2,0,1,2
313400,2,0,4,1,0,0,0,0,0,0,0,6,0,1,6
313400,2,3,4,0,0,0,0,0,0,0,0,15,0,0,0
313400,1,0,4,1,0,0,0,0,0,0,0,4,0,1,4
313400,1,1,4,0,0,0,0,0,0,0,0,4,0,0,0
313400,2,2,4,0,0,0,0,0,0,0,0,3,0,0,0
313400,2,2,4,1,0,0,0,0,0,0,0,2,0,1,2
313400,1,3,4,1,1,1,0,0,0,0,0,2,1,0,0
313400,1,2,4,0,0,0,0,0,0,0,0,4,0,0,0
313400,1,1,4,1,0,0,0,0,0,0,0,13,0,1,13
313400,2,1,4,1,0,0,0,0,0,0,0,26,0,1,26
313400,1,3,4,0,0,0,0,0,0,0,0,4,0,0,0
313400,2,1,4,0,0,0,0,0,0,0,0,23,0,0,0
313400,1,0,4,0,0,0,0,0,0,0,0,3,0,0,0
313400,1,3,4,1,0,0,0,0,0,0,0,15,0,1,15
313402,2,3,4,1,0,0,0,0,0,0,0,10,0,1,10
313402,1,3,4,1,0,0,0,0,0,0,0,2,0,1,2
313402,1,1,4,1,0,0,0,0,0,0,0,2,0,1,2
313402,1,1,4,0,0,0,0,0,0,0,0,2,0,0,0
313402,2,1,4,1,0,0,0,0,0,0,0,5,0,1,5
313402,2,0,4,1,0,0,0,0,0,0,0,4,0,1,4
313402,1,3,4,0,0,0,0,0,0,0,0,5,0,0,0
313402,2,2,4,0,0,0,0,0,0,0,0,2,0,0,0
313402,2,1,4,0,0,0,0,0,0,0,0,11,0,0,0
313402,2,3,4,0,0,0,0,0,0,0,0,4,0,0,0
313404,1,0,4,1,0,0,0,0,0,0,0,6,0,1,6
313404,1,3,4,1,0,0,0,0,0,0,0,17,0,1,17
313404,2,3,4,0,0,0,0,0,0,0,0,10,0,0,0
313404,1,1,4,1,0,0,0,0,0,0,0,5,0,1,5
313404,2,0,4,1,0,0,0,0,0,0,0,2,0,1,2
313404,1,1,4,0,0,0,0,0,0,0,0,4,0,0,0
313404,2,3,4,1,0,0,0,0,0,0,0,6,0,1,6
313404,2,0,4,0,0,0,0,0,0,0,0,3,0,0,0
313404,1,3,4,0,0,0,0,0,0,0,0,14,0,0,0
313404,2,2,4,0,0,0,0,0,0,0,0,4,0,0,0
313404,2,1,4,0,0,0,0,0,0,0,0,8,0,0,0
313404,1,2,4,1,0,0,0,0,0,0,0,4,0,1,4
313404,1,2,4,0,0,0,0,0,0,0,0,5,0,0,0
313404,2,1,4,1,0,0,0,0,0,0,0,11,0,1,11
313404,1,0,4,0,0,0,0,0,0,0,0,2,0,0,0
313406,1,1,1,1,0,0,0,0,0,0,0,13,0,1,13
313406,1,3,1,1,1,1,0,0,0,0,0,2,1,0,0
313406,2,0,1,0,0,0,0,0,0,0,0,4,0,0,0
313406,1,3,1,0,0,0,0,0,0,0,0,3,0,0,0
313406,2,1,1,1,0,0,0,0,0,0,0,20,0,1,20
313406,1,0,1,0,0,0,0,0,0,0,0,4,0,0,0
313406,1,1,1,0,1,0,0,0,0,1,0,2,1,0,0
313406,2,3,1,1,1,0,0,0,0,1,0,2,1,0,0
313406,2,1,1,0,0,0,0,0,0,0,0,8,0,0,0
313406,1,3,1,1,0,0,0,0,0,0,0,22,0,1,22
313406,2,0,1,1,0,0,0,0,0,0,0,6,0,1,6
313406,1,2,1,1,0,0,0,0,0,0,0,2,0,1,2
313406,2,3,1,1,0,0,0,0,0,0,0,30,0,1,30
313406,1,1,1,0,0,0,0,0,0,0,0,10,0,0,0
313406,2,1,3,0,0,0,0,0,0,0,0,3,0,0,0
313406,2,2,3,1,0,0,0,0,0,0,0,2,0,1,2
313406,1,2,1,0,0,0,0,0,0,0,0,3,0,0,0
313406,2,2,1,1,0,0,0,0,0,0,0,8,0,1,8
313406,2,3,1,0,0,0,0,0,0,0,0,7,0,0,0
313406,2,3,3,0,0,0,0,0,0,0,0,3,0,0,0
313406,2,3,1,1,1,1,0,0,0,0,0,3,1,0,0
313409,2,3,3,0,1,1,0,0,0,0,0,2,1,0,0
313409,2,2,3,0,0,0,0,0,0,0,0,3,0,0,0
313409,2,3,3,0,0,0,0,0,0,0,0,9,0,0,0
313409,2,0,3,1,0,0,0,0,0,0,0,5,0,1,5
313409,1,1,3,1,0,0,0,0,0,0,0,6,0,1,6
313409,1,2,3,1,0,0,0,0,0,0,0,2,0,1,2
313409,2,0,3,0,0,0,0,0,0,0,0,2,0,0,0
313409,2,1,3,0,0,0,0,0,0,0,0,11,0,0,0
313409,1,0,3,0,0,0,0,0,0,0,0,2,0,0,0
313409,1,1,3,0,0,0,0,0,0,0,0,7,0,0,0
313409,2,1,3,1,0,0,0,0,0,0,0,4,0,1,4
313409,2,2,3,1,0,0,0,0,0,0,0,11,0,1,11
313409,2,3,3,1,0,0,0,0,0,0,0,29,0,1,29
313409,1,3,3,1,0,0,0,0,0,0,0,8,0,1,8
313409,1,0,3,1,0,0,0,0,0,0,0,2,0,1,2
407456,1,3,4,1,0,0,0,0,0,0,0,15,0,1,15
407456,1,1,4,0,0,0,0,0,0,0,0,6,0,0,0
407456,2,3,4,0,0,0,0,0,0,0,0,2,0,0,0
407456,2,1,4,1,0,0,0,0,0,0,0,5,0,1,5
407456,2,1,4,0,1,1,0,0,0,0,0,2,1,0,0
407456,2,0,4,1,0,0,0,0,0,0,0,5,0,1,5
407456,2,3,4,1,1,1,0,0,0,0,0,2,1,0,0
407456,2,2,4,1,0,0,0,0,0,0,0,3,0,1,3
407456,1,2,4,1,0,0,0,0,0,0,0,2,0,1,2
407456,1,1,4,1,0,0,0,0,0,0,0,4,0,1,4
407456,1,3,4,0,0,0,0,0,0,0,0,4,0,0,0
407456,2,3,4,1,0,0,0,0,0,0,0,11,0,1,11
407456,1,0,4,1,0,0,0,0,0,0,0,2,0,1,2
1110230,2,0,3,0,0,0,0,0,0,0,0,5,0,0,0
1110230,1,3,3,1,1,1,1,0,0,0,0,2,1,0,0
1110230,1,2,3,0,0,0,0,0,0,0,0,7,0,0,0
1110230,2,3,3,1,0,0,0,0,0,0,0,53,0,1,53
1110230,1,3,3,1,1,1,0,0,0,0,0,4,1,0,0
1110230,1,3,3,1,0,0,0,0,0,0,0,43,0,1,43
1110230,1,4,3,1,0,0,0,0,0,0,0,4,0,1,4
1110230,2,0,3,1,0,0,0,0,0,0,0,5,0,1,5
1110230,2,1,3,1,0,0,0,0,0,0,0,13,0,1,13
1110230,2,1,3,0,1,1,0,0,0,0,0,2,1,0,0
1110230,2,2,3,1,0,0,0,0,0,0,0,14,0,1,14
1110230,2,2,3,0,0,0,0,0,0,0,0,12,0,0,0
1110230,1,3,3,0,0,0,0,0,0,0,0,29,0,0,0
1110230,2,1,3,0,0,0,0,0,0,0,0,28,0,0,0
1110230,1,2,3,1,0,0,0,0,0,0,0,18,0,1,18
1110230,1,1,3,1,0,0,0,0,0,0,0,30,0,1,30
1110230,2,3,3,0,0,0,0,0,0,0,0,18,0,0,0
1110230,1,3,3,0,1,0,0,0,0,0,1,2,1,0,0
1110230,1,0,3,1,0,0,0,0,0,0,0,7,0,1,7
1110230,1,0,3,0,0,0,0,0,0,0,0,4,0,0,0
1110230,1,1,3,1,1,1,0,0,0,0,0,4,1,0,0
1110230,1,1,3,0,0,0,0,0,0,0,0,20,0,0,0
1123330,1,3,4,1,0,0,0,0,0,0,0,62,0,1,62
1123330,1,0,4,0,1,0,0,0,0,1,0,2,1,0,0
1123330,1,1,4,0,1,0,0,0,0,0,1,3,1,0,0
1123330,1,3,4,1,1,1,0,0,0,0,0,16,1,0,0
1123330,1,1,4,1,1,0,0,0,0,1,0,2,1,0,0
1123330,1,3,4,1,1,0,0,0,0,1,0,4,1,0,0
1123330,1,1,4,1,0,0,0,0,0,0,0,56,0,1,56
1123330,1,0,4,0,0,0,0,0,0,0,0,3,0,0,0
1123330,1,1,4,0,0,0,0,0,0,0,0,27,0,0,0
1123330,2,2,4,0,0,0,0,0,0,0,0,2,0,0,0
1123330,1,5,4,1,0,0,0,0,0,0,0,2,0,1,2
1123330,2,3,4,1,0,0,0,0,0,0,0,12,0,1,12
1123330,2,1,4,1,0,0,0,0,0,0,0,9,0,1,9
1123330,1,0,4,1,0,0,0,0,0,0,0,14,0,1,14
1123330,1,3,4,0,0,0,0,0,0,0,0,17,0,0,0
1123330,1,2,4,0,0,0,0,0,0,0,0,3,0,0,0
1123330,1,1,4,1,1,1,0,0,0,0,0,7,1,0,0
1123330,1,3,4,1,1,0,0,0,0,0,1,3,1,0,0
1123330,1,2,4,1,0,0,0,0,0,0,0,9,0,1,9
1125641,2,2,2,1,0,0,0,0,0,0,0,9,0,1,9
1125641,2,1,2,0,0,0,0,0,0,0,0,34,0,0,0
1125641,2,1,2,1,0,0,0,0,0,0,0,29,0,1,29
1125641,2,0,2,1,0,0,0,0,0,0,0,6,0,1,6
1125641,1,2,2,1,1,0,0,0,0,0,1,2,1,0,0
1125641,1,1,2,1,0,0,0,0,0,0,0,36,0,1,36
1125641,1,1,2,0,0,0,0,0,0,0,0,26,0,0,0
1125641,2,3,2,1,1,1,0,0,0,0,0,4,1,0,0
1125641,2,3,2,0,1,0,0,0,0,0,1,2,1,0,0
1125641,2,3,2,1,0,0,0,0,0,0,0,59,0,1,59
1125641,1,3,2,1,0,0,0,0,0,0,0,44,0,1,44
1125641,1,0,2,1,0,0,0,0,0,0,0,6,0,1,6
1125641,1,3,2,0,0,0,0,0,0,0,0,10,0,0,0
1125641,2,3,2,0,0,0,0,0,0,0,0,23,0,0,0
1125641,1,2,2,1,0,0,0,0,0,0,0,10,0,1,10
1125641,2,0,2,0,0,0,0,0,0,0,0,4,0,0,0
1125641,1,0,2,0,0,0,0,0,0,0,0,5,0,0,0
1125641,2,1,2,0,1,0,0,0,0,0,1,4,1,0,0
1125641,1,1,2,0,1,0,0,0,0,0,1,5,1,0,0
1125641,1,2,2,0,0,0,0,0,0,0,0,3,0,0,0
1125641,1,3,2,1,1,1,0,0,0,0,0,2,1,0,0
1125641,2,3,2,1,1,0,0,0,0,0,1,4,1,0,0
1126690,1,3,0,1,0,0,0,0,0,0,0,39,0,1,39
1126690,2,1,0,0,0,0,0,0,0,0,0,9,0,0,0
1126690,2,2,0,1,0,0,0,0,0,0,0,4,0,1,4
1126690,1,1,0,0,0,0,0,0,0,0,0,7,0,0,0
1126690,1,2,0,1,0,0,0,0,0,0,0,10,0,1,10
1126690,1,3,0,0,0,0,0,0,0,0,0,27,0,0,0
1126690,2,3,0,1,0,0,0,0,0,0,0,6,0,1,6
1126690,1,4,0,0,0,0,0,0,0,0,0,2,0,0,0
1126690,1,2,0,0,0,0,0,0,0,0,0,3,0,0,0
1126690,1,0,0,0,0,0,0,0,0,0,0,6,0,0,0
1126690,2,2,0,0,0,0,0,0,0,0,0,2,0,0,0
1126690,2,3,0,0,0,0,0,0,0,0,0,12,0,0,0
1126690,1,1,0,1,0,0,0,0,0,0,0,6,0,1,6
1126690,2,1,0,1,0,0,0,0,0,0,0,5,0,1,5
1126958,2,2,3,1,0,0,0,0,0,0,0,6,0,1,6
1126958,1,3,1,1,0,0,0,0,0,0,0,43,0,1,43
1126958,2,1,3,0,0,0,0,0,0,0,0,13,0,0,0
1126958,1,2,1,1,0,0,0,0,0,0,0,7,0,1,7
1126958,1,0,1,1,1,0,0,0,0,1,0,2,1,0,0
1126958,2,3,3,1,0,0,0,0,0,0,0,19,0,1,19
1126958,1,0,1,1,0,0,0,0,0,0,0,3,0,1,3
1126958,1,3,1,0,0,0,0,0,0,0,0,11,0,0,0
1126958,1,0,3,0,0,0,0,0,0,0,0,3,0,0,0
1126958,2,0,3,0,0,0,0,0,0,0,0,4,0,0,0
1126958,2,0,3,1,0,0,0,0,0,0,0,5,0,1,5
1126958,1,3,1,1,1,1,0,0,0,0,0,3,1,0,0
1126958,2,1,3,1,0,0,0,0,0,0,0,12,0,1,12
1126958,1,3,1,0,1,0,0,0,0,0,1,2,1,0,0
1126958,2,0,1,1,0,0,0,0,0,0,0,3,0,1,3
1126958,2,3,1,1,0,0,0,0,0,0,0,14,0,1,14
1126958,1,3,1,1,1,0,0,0,0,1,0,2,1,0,0
1126958,1,2,3,0,0,0,0,0,0,0,0,2,0,0,0
1126958,1,1,1,0,1,0,0,0,0,1,0,2,1,0,0
1126958,2,2,3,0,0,0,0,0,0,0,0,2,0,0,0
1126958,1,0,3,1,0,0,0,0,0,0,0,2,0,1,2
1126958,1,3,3,1,1,1,0,0,0,0,0,2,1,0,0
1126958,1,1,1,1,0,0,0,0,0,0,0,32,0,1,32
1126958,2,1,1,0,0,0,0,0,0,0,0,10,0,0,0
1126958,1,3,3,0,0,0,0,0,0,0,0,6,0,0,0
1126958,1,1,1,0,0,0,0,0,0,0,0,21,0,0,0
1126958,2,1,3,0,1,0,0,0,0,1,0,2,1,0,0
1126958,2,3,3,0,0,0,0,0,0,0,0,4,0,0,0
1126958,1,0,1,0,0,0,0,0,0,0,0,6,0,0,0
1126958,2,2,1,0,0,0,0,0,0,0,0,4,0,0,0
1126958,1,2,1,0,0,0,0,0,0,0,0,6,0,0,0
1126958,2,1,1,1,0,0,0,0,0,0,0,18,0,1,18
1126958,2,3,1,1,1,1,0,0,0,0,0,3,1,0,0
1126958,2,3,3,1,1,0,0,0,0,1,0,2,1,0,0
1126958,1,2,3,1,0,0,0,0,0,0,0,2,0,1,2
1126958,1,3,3,1,0,0,0,0,0,0,0,28,0,1,28
1126958,1,3,3,0,1,0,0,0,0,1,0,2,1,0,0
1126958,1,1,3,0,0,0,0,0,0,0,0,22,0,0,0
1126958,1,1,3,1,0,0,0,0,0,0,0,26,0,1,26
1126958,1,1,3,0,1,0,0,0,0,1,0,5,1,0,0
1126958,2,1,1,0,1,1,0,0,0,0,0,2,1,0,0
1127039,1,3,2,0,0,0,0,0,0,0,0,5,0,0,0
1127039,1,0,2,0,0,0,0,0,0,0,0,4,0,0,0
1127039,1,3,3,1,0,0,0,0,0,0,0,37,0,1,37
1127039,2,2,2,0,0,0,0,0,0,0,0,3,0,0,0
1127039,1,3,3,0,0,0,0,0,0,0,0,10,0,0,0
1127039,1,0,2,1,0,0,0,0,0,0,0,5,0,1,5
1127039,1,3,2,1,1,1,0,0,0,0,0,4,1,0,0
1127039,1,1,2,0,0,0,0,0,0,0,0,8,0,0,0
1127039,2,0,2,1,0,0,0,0,0,0,0,3,0,1,3
1127039,2,0,2,0,0,0,0,0,0,0,0,3,0,0,0
1127039,2,1,2,0,0,0,0,0,0,0,0,7,0,0,0
1127039,1,3,2,1,0,0,0,0,0,0,0,18,0,1,18
1127039,1,3,3,1,1,0,0,0,0,1,0,2,1,0,0
1127039,1,1,3,1,0,0,0,0,0,0,0,9,0,1,9
1127039,2,3,2,1,0,0,0,0,0,0,0,13,0,1,13
1127039,2,1,3,1,0,0,0,0,0,0,0,24,0,1,24
1127039,2,1,2,1,0,0,0,0,0,0,0,10,0,1,10
1127039,1,3,2,1,1,0,0,0,0,1,0,2,1,0,0
1127039,2,3,2,0,0,0,0,0,0,0,0,10,0,0,0
1127039,2,2,3,0,0,0,0,0,0,0,0,5,0,0,0
1127039,2,2,2,1,0,0,0,0,0,0,0,3,0,1,3
1127039,2,2,3,1,0,0,0,0,0,0,0,9,0,1,9
1127039,1,4,3,0,0,0,0,0,0,0,0,2,0,0,0
1127039,1,0,3,1,0,0,0,0,0,0,0,10,0,1,10
1127039,2,0,3,0,0,0,0,0,0,0,0,2,0,0,0
1127039,1,1,3,0,0,0,0,0,0,0,0,9,0,0,0
1127039,2,3,3,0,0,0,0,0,0,0,0,23,0,0,0
1127039,1,1,2,1,0,0,0,0,0,0,0,11,0,1,11
1127039,2,0,3,1,0,0,0,0,0,0,0,12,0,1,12
1127039,1,2,3,1,0,0,0,0,0,0,0,7,0,1,7
1127039,2,1,3,0,0,0,0,0,0,0,0,20,0,0,0
1127039,2,5,3,1,0,0,0,0,0,0,0,2,0,1,2
1127039,1,2,3,0,0,0,0,0,0,0,0,2,0,0,0
1127039,1,2,2,0,0,0,0,0,0,0,0,2,0,0,0
1127039,2,3,3,1,0,0,0,0,0,0,0,53,0,1,53
1127039,1,0,3,0,0,0,0,0,0,0,0,3,0,0,0
1127039,1,4,2,0,0,0,0,0,0,0,0,2,0,0,0
1127164,1,0,4,1,0,0,0,0,0,0,0,6,0,1,6
1127164,2,3,4,0,1,1,1,1,0,0,0,2,1,0,0
1127164,2,0,4,0,1,0,0,1,0,0,1,2,1,0,0
1127164,2,3,4,0,0,0,0,0,0,0,0,45,0,0,0
1127164,2,3,4,1,1,1,0,1,0,0,0,3,1,0,0
1127164,1,3,4,1,0,0,0,0,0,0,0,21,0,1,21
1127164,2,3,4,1,1,1,0,0,0,0,0,24,1,0,0
1127164,1,3,4,1,1,1,0,0,0,0,0,9,1,0,0
1127164,2,3,4,0,1,0,0,0,0,0,1,3,1,0,0
1127164,2,1,4,0,1,1,0,1,0,0,0,2,1,0,0
1127164,2,2,4,1,1,1,0,1,0,0,0,2,1,0,0
1127164,2,1,4,1,1,1,0,0,0,0,0,6,1,0,0
1127164,2,1,4,0,1,0,0,0,0,1,0,7,1,0,0
1127164,2,3,4,1,1,0,0,1,0,0,1,2,1,0,0
1127164,2,3,4,1,1,0,0,0,0,1,0,2,1,0,0
1127164,1,3,4,0,0,0,0,0,0,0,0,11,0,0,0
1127164,2,2,4,1,0,0,0,0,0,0,0,8,0,1,8
1127164,2,1,4,0,1,1,0,0,0,0,0,2,1,0,0
1127164,2,0,4,0,0,0,0,0,0,0,0,14,0,0,0
1127164,1,1,4,1,0,0,0,0,0,0,0,19,0,1,19
1127164,2,3,4,1,1,0,0,0,0,0,1,2,1,0,0
1127164,2,3,4,1,0,0,0,0,0,0,0,105,0,1,105
1127164,1,1,4,1,1,1,0,0,0,0,0,3,1,0,0
1127164,2,2,4,1,1,1,0,0,0,0,0,5,1,0,0
1127164,2,2,4,0,0,0,0,0,0,0,0,6,0,0,0
1127164,2,3,4,0,1,0,0,0,0,1,0,3,1,0,0
1127164,2,1,4,1,1,0,0,0,0,1,0,3,1,0,0
1127164,2,1,4,0,0,0,0,0,0,0,0,72,0,0,0
1127164,1,0,4,0,0,0,0,0,0,0,0,2,0,0,0
1127164,2,1,4,1,1,1,1,1,0,0,0,3,1,0,0
1127164,1,1,4,0,0,0,0,0,0,0,0,9,0,0,0
1127164,2,1,4,0,1,0,0,0,0,0,1,2,1,0,0
1127164,2,1,4,1,0,0,0,0,0,0,0,69,0,1,69
1127164,2,0,4,1,0,0,0,0,0,0,0,15,0,1,15
1127165,2,3,3,0,0,0,0,0,0,0,0,27,0,0,0
1127165,1,3,3,0,0,0,0,0,0,0,0,7,0,0,0
1127165,1,3,3,1,0,0,0,0,0,0,0,29,0,1,29
1127165,1,0,2,1,0,0,0,0,0,0,0,4,0,1,4
1127165,2,2,3,1,0,0,0,0,0,0,0,5,0,1,5
1127165,2,0,3,1,0,0,0,0,0,0,0,8,0,1,8
1127165,1,0,3,0,0,0,0,0,0,0,0,3,0,0,0
1127165,2,3,3,1,1,1,0,0,0,0,0,6,1,0,0
1127165,1,3,2,1,1,1,0,0,0,0,0,7,1,0,0
1127165,2,0,3,0,0,0,0,0,0,0,0,7,0,0,0
1127165,2,0,2,1,0,0,0,0,0,0,0,4,0,1,4
1127165,2,3,2,1,0,0,0,0,0,0,0,21,0,1,21
1127165,2,4,3,0,0,0,0,0,0,0,0,1,0,0,0
1127165,1,1,2,0,0,0,0,0,0,0,0,5,0,0,0
1127165,2,3,2,0,0,0,0,0,0,0,0,17,0,0,0
1127165,2,3,3,1,0,0,0,0,0,0,0,37,0,1,37
1127165,2,1,3,0,0,0,0,0,0,0,0,12,0,0,0
1127165,2,1,2,0,0,0,0,0,0,0,0,7,0,0,0
1127165,1,0,2,0,0,0,0,0,0,0,0,2,0,0,0
1127165,1,1,2,1,1,1,0,0,0,0,0,2,1,0,0
1127165,1,3,2,0,0,0,0,0,0,0,0,7,0,0,0
1127165,1,3,2,0,1,1,0,0,0,0,0,2,1,0,0
1127165,2,0,2,0,0,0,0,0,0,0,0,6,0,0,0
1127165,1,1,3,1,0,0,0,0,0,0,0,5,0,1,5
1127165,1,1,3,0,0,0,0,0,0,0,0,3,0,0,0
1127165,2,3,2,1,1,1,0,0,0,0,0,2,1,0,0
1127165,1,0,3,1,0,0,0,0,0,0,0,6,0,1,6
1127165,1,1,2,1,0,0,0,0,0,0,0,5,0,1,5
1127165,1,3,2,1,0,0,0,0,0,0,0,16,0,1,16
1127165,2,1,3,1,0,0,0,0,0,0,0,11,0,1,11
1127165,2,2,3,0,0,0,0,0,0,0,0,3,0,0,0
1127165,2,2,2,0,0,0,0,0,0,0,0,4,0,0,0
1127165,2,1,2,1,0,0,0,0,0,0,0,6,0,1,6
1127165,2,2,2,1,0,0,0,0,0,0,0,3,0,1,3
1127907,2,0,2,0,0,0,0,0,0,0,0,3,0,0,0
1127907,2,3,2,0,0,0,0,0,0,0,0,9,0,0,0
1127907,1,1,3,0,0,0,0,0,0,0,0,13,0,0,0
1127907,1,2,3,0,0,0,0,0,0,0,0,2,0,0,0
1127907,1,3,2,0,0,0,0,0,0,0,0,22,0,0,0
1127907,1,0,3,1,0,0,0,0,0,0,0,13,0,1,13
1127907,1,3,3,1,1,1,0,0,0,0,0,7,1,0,0
1127907,2,2,2,1,0,0,0,0,0,0,0,2,0,1,2
1127907,2,1,3,1,0,0,0,0,0,0,0,10,0,1,10
1127907,2,0,2,1,0,0,0,0,0,0,0,6,0,1,6
1127907,2,2,3,0,0,0,0,0,0,0,0,5,0,0,0
1127907,1,1,2,0,1,0,0,0,0,1,0,2,1,0,0
1127907,1,0,2,0,1,1,0,0,0,0,0,2,1,0,0
1127907,2,1,3,0,0,0,0,0,0,0,0,20,0,0,0
1127907,2,1,2,0,1,1,0,0,0,0,0,2,1,0,0
1127907,1,3,3,0,0,0,0,0,0,0,0,21,0,0,0
1127907,1,1,2,1,1,1,0,0,0,0,0,2,1,0,0
1127907,1,2,2,0,0,0,0,0,0,0,0,4,0,0,0
1127907,2,0,3,1,0,0,0,0,0,0,0,6,0,1,6
1127907,2,1,2,0,0,0,0,0,0,0,0,5,0,0,0
1127907,2,2,3,1,0,0,0,0,0,0,0,4,0,1,4
1127907,2,0,3,1,1,1,0,0,0,0,0,2,1,0,0
1127907,2,0,3,0,0,0,0,0,0,0,0,9,0,0,0
1127907,2,3,3,1,1,1,0,0,0,0,0,3,1,0,0
1127907,1,0,2,1,0,0,0,0,0,0,0,8,0,1,8
1127907,2,4,3,0,0,0,0,0,0,0,0,2,0,0,0
1127907,1,2,2,1,0,0,0,0,0,0,0,5,0,1,5
1127907,2,3,3,0,0,0,0,0,0,0,0,22,0,0,0
1127907,1,1,3,1,0,0,0,0,0,0,0,12,0,1,12
1127907,1,2,3,1,1,1,0,0,0,0,0,3,1,0,0
1127907,1,3,3,1,0,0,0,0,0,0,0,53,0,1,53
1127907,1,4,2,0,0,0,0,0,0,0,0,2,0,0,0
1127907,2,3,2,1,0,0,0,0,0,0,0,22,0,1,22
1127907,1,0,3,0,0,0,0,0,0,0,0,8,0,0,0
1127907,1,3,2,1,0,0,0,0,0,0,0,37,0,1,37
1127907,2,3,3,1,0,0,0,0,0,0,0,37,0,1,37
1127907,1,1,2,1,0,0,0,0,0,0,0,13,0,1,13
1127907,1,1,2,0,0,0,0,0,0,0,0,16,0,0,0
1127907,1,1,3,1,1,1,0,0,0,0,0,2,1,0,0
1127907,1,3,2,1,1,1,0,0,0,0,0,10,1,0,0
1127907,2,1,2,1,0,0,0,0,0,0,0,8,0,1,8
1127907,1,2,3,1,0,0,0,0,0,0,0,9,0,1,9
1127907,1,0,2,0,0,0,0,0,0,0,0,5,0,0,0
1127907,1,1,2,0,1,1,0,0,0,0,0,3,1,0,0
1162837,2,1,4,1,0,0,0,0,0,0,0,2,0,1,2
1162837,2,0,4,0,0,0,0,0,0,0,0,2,0,0,0
1162837,2,2,4,0,0,0,0,0,0,0,0,3,0,0,0
1162837,2,3,4,0,0,0,0,0,0,0,0,2,0,0,0
1162837,2,3,4,1,0,0,0,0,0,0,0,6,0,1,6
1162837,1,3,4,0,0,0,0,0,0,0,0,2,0,0,0
1162837,2,1,4,0,0,0,0,0,0,0,0,8,0,0,0
1162837,1,1,4,0,0,0,0,0,0,0,0,2,0,0,0
1162838,2,0,3,1,0,0,0,0,0,0,0,7,0,1,7
1162838,1,3,3,0,0,0,0,0,0,0,0,9,0,0,0
1162838,1,0,3,0,0,0,0,0,0,0,0,3,0,0,0
1162838,2,0,3,0,0,0,0,0,0,0,0,7,0,0,0
1162838,1,1,3,0,0,0,0,0,0,0,0,23,0,0,0
1162838,1,2,3,0,0,0,0,0,0,0,0,5,0,0,0
1162838,1,0,3,1,0,0,0,0,0,0,0,4,0,1,4
1162838,2,1,3,0,0,0,0,0,0,0,0,16,0,0,0
1162838,2,2,3,1,0,0,0,0,0,0,0,9,0,1,9
1162838,1,2,3,1,0,0,0,0,0,0,0,10,0,1,10
1162838,1,3,3,1,0,0,0,0,0,0,0,31,0,1,31
1162838,2,3,3,0,0,0,0,0,0,0,0,35,0,0,0
1162838,1,1,3,1,0,0,0,0,0,0,0,16,0,1,16
1162838,1,3,3,1,1,1,0,0,0,0,0,2,1,0,0
1162838,2,3,3,1,0,0,0,0,0,0,0,35,0,1,35
1162838,2,2,3,0,0,0,0,0,0,0,0,11,0,0,0
1162838,2,1,3,1,0,0,0,0,0,0,0,6,0,1,6
1166771,2,3,2,1,0,0,0,0,0,0,0,23,0,1,23
1166771,1,3,2,1,0,0,0,0,0,0,0,7,0,1,7
1166771,2,0,2,1,0,0,0,0,0,0,0,2,0,1,2
1166771,2,2,2,1,1,1,0,0,0,0,0,2,1,0,0
1166771,1,0,2,0,0,0,0,0,0,0,0,3,0,0,0
1166771,2,2,2,1,0,0,0,0,0,0,0,6,0,1,6
1166771,1,1,2,0,0,0,0,0,0,0,0,7,0,0,0
1166771,1,1,2,1,0,0,0,0,0,0,0,9,0,1,9
1166771,2,1,2,1,0,0,0,0,0,0,0,6,0,1,6
1166771,2,3,2,0,0,0,0,0,0,0,0,4,0,0,0
1166771,1,2,2,0,0,0,0,0,0,0,0,2,0,0,0
1166771,1,0,2,1,0,0,0,0,0,0,0,2,0,1,2
1166771,1,3,2,0,1,0,0,0,0,0,1,3,1,0,0
1166771,2,1,2,0,0,0,0,0,0,0,0,6,0,0,0
1166771,1,3,2,0,0,0,0,0,0,0,0,4,0,0,0
1189062,2,1,4,0,0,0,0,0,0,0,0,20,0,0,0
1189062,2,1,4,1,1,1,0,0,0,0,0,6,1,0,0
1189062,1,3,4,1,1,0,0,0,0,1,0,2,1,0,0
1189062,2,1,4,1,0,0,0,0,0,0,0,25,0,1,25
1189062,1,1,4,1,0,0,0,0,0,0,0,29,0,1,29
1189062,1,2,4,1,1,1,0,0,0,0,0,2,1,0,0
1189062,1,0,4,1,0,0,0,0,0,0,0,6,0,1,6
1189062,1,1,4,1,1,0,0,0,0,1,0,2,1,0,0
1189062,1,1,4,1,1,1,0,0,0,0,0,2,1,0,0
1189062,1,0,4,0,0,0,0,0,0,0,0,6,0,0,0
1189062,1,2,4,1,0,0,0,0,0,0,0,2,0,1,2
1189062,1,3,4,1,0,0,0,0,0,0,0,57,0,1,57
1189062,1,2,4,0,0,0,0,0,0,0,0,5,0,0,0
1189062,2,0,4,0,0,0,0,0,0,0,0,4,0,0,0
1189062,2,1,4,1,1,0,0,0,0,1,0,3,1,0,0
1189062,2,3,4,1,0,0,0,0,0,0,0,31,0,1,31
1189062,1,3,4,1,1,1,0,0,0,0,0,5,1,0,0
1189062,2,2,4,1,0,0,0,0,0,0,0,7,0,1,7
1189062,2,3,4,0,0,0,0,0,0,0,0,12,0,0,0
1189062,2,1,4,0,1,0,0,0,0,1,0,6,1,0,0
1189062,2,2,4,0,0,0,0,0,0,0,0,2,0,0,0
1189062,1,1,4,0,0,0,0,0,0,0,0,20,0,0,0
1189062,1,3,4,0,0,0,0,0,0,0,0,17,0,0,0
1189062,2,0,4,1,0,0,0,0,0,0,0,5,0,1,5
1189063,1,3,4,0,0,0,0,0,0,0,0,12,0,0,0
1189063,2,3,4,0,0,0,0,0,0,0,0,29,0,0,0
1189063,2,3,4,1,1,1,1,0,0,0,0,3,1,0,0
1189063,2,1,4,1,0,0,0,0,0,0,0,43,0,1,43
1189063,2,1,4,0,0,0,0,0,0,0,0,45,0,0,0
1189063,1,0,4,1,0,0,0,0,0,0,0,7,0,1,7
1189063,2,2,4,0,0,0,0,0,0,0,0,5,0,0,0
1189063,2,2,4,1,1,1,0,0,0,0,0,3,1,0,0
1189063,1,3,4,1,1,1,0,0,0,0,0,3,1,0,0
1189063,1,3,4,1,0,0,0,0,0,0,0,38,0,1,38
1189063,1,0,4,0,0,0,0,0,0,0,0,3,0,0,0
1189063,2,3,4,1,1,1,0,0,0,0,0,8,1,0,0
1189063,2,3,4,1,0,0,0,0,0,0,0,89,0,1,89
1189063,2,1,4,1,1,1,0,0,0,0,0,3,1,0,0
1189063,1,1,4,0,1,0,0,0,0,0,1,3,1,0,0
1189063,1,1,4,0,0,0,0,0,0,0,0,18,0,0,0
1189063,2,3,4,1,1,0,0,0,0,1,0,2,1,0,0
1189063,1,1,4,1,0,0,0,0,0,0,0,22,0,1,22
1189063,2,0,4,1,0,0,0,0,0,0,0,13,0,1,13
1189063,2,2,4,1,0,0,0,0,0,0,0,10,0,1,10
1189063,2,0,4,0,0,0,0,0,0,0,0,7,0,0,0
1191007,2,1,4,0,0,0,0,0,0,0,0,3,0,0,0
1191007,2,0,4,0,1,1,0,0,0,1,0,2,1,0,0
1191007,1,1,4,1,0,0,0,0,0,0,0,16,0,1,16
1191007,2,0,4,1,0,0,0,0,0,0,0,2,0,1,2
1191007,1,3,4,1,0,0,0,0,0,0,0,24,0,1,24
1191007,2,3,4,1,1,1,0,0,0,0,0,4,1,0,0
1191007,1,3,4,1,1,1,0,0,0,0,0,2,1,0,0
1191007,1,3,4,0,0,0,0,0,0,0,0,14,0,0,0
1191007,2,2,4,1,0,0,0,0,0,0,0,2,0,1,2
1191007,1,1,4,0,0,0,0,0,0,0,0,14,0,0,0
1191007,1,0,4,1,0,0,0,0,0,0,0,6,0,1,6
1191007,1,2,4,0,0,0,0,0,0,0,0,6,0,0,0
1191007,1,3,4,1,1,0,0,0,0,0,1,2,1,0,0
1191007,2,3,4,1,0,0,0,0,0,0,0,15,0,1,15
1191007,1,2,4,1,0,0,0,0,0,0,0,2,0,1,2
1191007,1,0,4,0,0,0,0,0,0,0,0,5,0,0,0
1203263,2,1,0,0,0,0,0,0,0,0,0,2,0,0,0
1203263,1,2,0,1,0,0,0,0,0,0,0,2,0,1,2
1203263,1,3,0,0,0,0,0,0,0,0,0,2,0,0,0
1203263,2,3,0,0,0,0,0,0,0,0,0,7,0,0,0
1203263,2,1,0,1,0,0,0,0,0,0,0,3,0,1,3
1203263,1,3,0,1,0,0,0,0,0,0,0,5,0,1,5
1203263,1,1,0,1,0,0,0,0,0,0,0,3,0,1,3
1203263,2,3,0,1,0,0,0,0,0,0,0,4,0,1,4
1203263,2,2,0,1,0,0,0,0,0,0,0,2,0,1,2
1203266,2,3,0,0,0,0,0,0,0,0,0,2,0,0,0
1203266,2,3,0,1,0,0,0,0,0,0,0,2,0,1,2
1261910,2,1,0,1,0,0,0,0,0,0,0,2,0,1,2
1261910,1,1,0,0,0,0,0,0,0,0,0,19,0,0,0
1261910,2,2,0,0,0,0,0,0,0,0,0,3,0,0,0
1261910,1,3,0,1,0,0,0,0,0,0,0,20,0,1,20
1261910,2,1,0,0,0,0,0,0,0,0,0,13,0,0,0
1261910,2,3,0,0,0,0,0,0,0,0,0,13,0,0,0
1261910,1,3,0,0,0,0,0,0,0,0,0,16,0,0,0
1261910,1,1,0,1,0,0,0,0,0,0,0,6,0,1,6
1261910,1,0,0,1,0,0,0,0,0,0,0,2,0,1,2
1261910,2,3,0,1,0,0,0,0,0,0,0,6,0,1,6
1261910,1,0,0,0,0,0,0,0,0,0,0,3,0,0,0
1261913,1,1,0,0,0,0,0,0,0,0,0,13,0,0,0
1261913,1,3,0,0,0,0,0,0,0,0,0,19,0,0,0
1261913,2,3,0,0,0,0,0,0,0,0,0,10,0,0,0
1261913,1,2,0,1,0,0,0,0,0,0,0,4,0,1,4
1261913,1,1,0,1,0,0,0,0,0,0,0,5,0,1,5
1261913,1,3,0,1,0,0,0,0,0,0,0,20,0,1,20
1261913,1,0,0,0,0,0,0,0,0,0,0,3,0,0,0
1261913,1,2,0,0,0,0,0,0,0,0,0,3,0,0,0
1261913,2,3,0,1,0,0,0,0,0,0,0,8,0,1,8
1268219,1,3,1,1,0,0,0,0,0,0,0,73,0,1,73
1268219,1,3,1,0,0,0,0,0,0,0,0,19,0,0,0
1268219,1,1,1,1,1,0,0,0,0,1,0,4,1,0,0
1268219,1,2,1,1,0,0,0,0,0,0,0,18,0,1,18
1268219,2,2,1,0,0,0,0,0,0,0,0,6,0,0,0
1268219,1,3,1,1,1,0,0,0,0,1,0,2,1,0,0
1268219,2,3,1,1,1,1,0,0,0,0,0,5,1,0,0
1268219,1,2,1,1,1,1,0,0,0,0,0,2,1,0,0
1268219,1,0,1,0,0,0,0,0,0,0,0,10,0,0,0
1268219,1,0,1,0,1,0,0,0,0,0,1,2,1,0,0
1268219,2,2,1,1,0,0,0,0,0,0,0,12,0,1,12
1268219,1,3,1,1,1,1,0,0,0,0,0,3,1,0,0
1268219,1,1,1,1,1,1,0,0,0,0,0,2,1,0,0
1268219,1,3,1,0,1,0,0,0,0,1,0,4,1,0,0
1268219,2,1,1,0,0,0,0,0,0,0,0,34,0,0,0
1268219,2,0,1,1,0,0,0,0,0,0,0,6,0,1,6
1268219,1,3,1,0,1,0,0,0,0,0,1,2,1,0,0
1268219,2,3,1,1,0,0,0,0,0,0,0,50,0,1,50
1268219,2,3,1,0,0,0,0,0,0,0,0,16,0,0,0
1268219,1,1,1,0,1,0,0,0,0,0,1,3,1,0,0
1268219,2,2,1,0,1,0,0,0,0,0,1,2,1,0,0
1268219,2,2,1,1,1,0,0,0,0,0,1,3,1,0,0
1268219,2,2,1,1,1,1,0,0,0,0,0,2,1,0,0
1268219,2,1,1,1,0,0,0,0,0,0,0,23,0,1,23
1268219,1,1,1,1,0,0,0,0,0,0,0,58,0,1,58
1268219,1,2,1,0,0,0,0,0,0,0,0,5,0,0,0
1268219,1,1,1,0,1,0,0,0,0,1,1,2,1,0,0
1268219,1,5,1,1,0,0,0,0,0,0,0,2,0,1,2
1268219,2,1,1,0,1,0,0,0,0,1,0,2,1,0,0
1268219,1,1,1,0,0,0,0,0,0,0,0,31,0,0,0
1268219,1,0,1,1,0,0,0,0,0,0,0,10,0,1,10
1268219,2,0,1,0,0,0,0,0,0,0,0,5,0,0,0
1268221,1,1,1,1,1,1,0,0,0,0,0,3,1,0,0
1268221,1,0,1,1,0,0,0,0,0,0,0,8,0,1,8
1268221,1,3,1,0,0,0,0,0,0,0,0,12,0,0,0
1268221,2,0,1,1,0,0,0,0,0,0,0,4,0,1,4
1268221,2,2,1,0,0,0,0,0,0,0,0,5,0,0,0
1268221,2,2,1,1,0,0,0,0,0,0,0,11,0,1,11
1268221,2,3,1,1,0,0,0,0,0,0,0,41,0,1,41
1268221,1,0,1,0,0,0,0,0,0,0,0,2,0,0,0
1268221,1,3,1,1,0,0,0,0,0,0,0,25,0,1,25
1268221,1,2,1,1,0,0,0,0,0,0,0,4,0,1,4
1268221,2,1,1,0,1,0,0,0,0,1,0,3,1,0,0
1268221,2,1,1,1,0,0,0,0,0,0,0,17,0,1,17
1268221,1,1,1,0,0,0,0,0,0,0,0,16,0,0,0
1268221,2,1,1,0,1,0,0,0,0,0,1,3,1,0,0
1268221,1,1,1,1,0,0,0,0,0,0,0,22,0,1,22
1268221,2,1,1,0,0,0,0,0,0,0,0,32,0,0,0
1268221,2,3,1,0,0,0,0,0,0,0,0,16,0,0,0
1268221,2,0,1,0,0,0,0,0,0,0,0,4,0,0,0
1268221,1,2,1,0,0,0,0,0,0,0,0,4,0,0,0
1268257,2,1,3,1,0,0,0,0,0,0,0,15,0,1,15
1268257,2,1,3,0,0,0,0,0,0,0,0,6,0,0,0
1268257,2,0,3,0,0,0,0,0,0,0,0,3,0,0,0
1268257,1,1,3,0,0,0,0,0,0,0,0,24,0,0,0
1268257,2,2,3,1,0,0,0,0,0,0,0,3,0,1,3
1268257,1,3,3,1,1,1,0,0,0,0,0,3,1,0,0
1268257,1,3,3,1,0,0,0,0,0,0,0,47,0,1,47
1268257,1,2,3,0,0,0,0,0,0,0,0,5,0,0,0
1268257,2,3,3,1,1,1,0,0,0,0,0,3,1,0,0
1268257,2,3,3,0,0,0,0,0,0,0,0,16,0,0,0
1268257,1,3,3,1,1,0,0,0,0,1,0,2,1,0,0
1268257,1,0,3,0,0,0,0,0,0,0,0,2,0,0,0
1268257,1,3,3,0,0,0,0,0,0,0,0,10,0,0,0
1268257,2,2,3,1,1,0,0,0,0,1,0,2,1,0,0
1268257,1,1,3,1,0,0,0,0,0,0,0,21,0,1,21
1268257,2,0,3,1,0,0,0,0,0,0,0,4,0,1,4
1268257,2,3,3,1,0,0,0,0,0,0,0,17,0,1,17
1268257,1,0,3,1,0,0,0,0,0,0,0,2,0,1,2
1268257,1,3,3,0,1,0,0,0,0,1,0,3,1,0,0
1268257,2,2,3,0,0,0,0,0,0,0,0,5,0,0,0
1268257,1,2,3,1,0,0,0,0,0,0,0,7,0,1,7
1363988,2,1,2,1,0,0,0,0,0,0,0,22,0,1,22
1363988,1,1,2,1,0,0,0,0,0,0,0,27,0,1,27
1363988,1,2,2,0,1,0,0,0,0,1,0,1,1,0,0
1363988,1,2,2,0,0,0,0,0,0,0,0,3,0,0,0
1363988,2,4,2,1,0,0,0,0,0,0,0,3,0,1,3
1363988,2,3,2,0,0,0,0,0,0,0,0,15,0,0,0
1363988,1,3,2,1,0,0,0,0,0,0,0,56,0,1,56
1363988,2,1,2,0,0,0,0,0,0,0,0,16,0,0,0
1363988,1,1,2,0,0,0,0,0,0,0,0,23,0,0,0
1363988,1,1,2,1,1,0,0,0,0,1,0,4,1,0,0
1363988,2,1,2,0,1,0,0,0,0,0,1,2,1,0,0
1363988,1,1,2,0,1,0,0,0,0,1,1,3,1,0,0
1363988,1,0,2,1,0,0,0,0,0,0,0,10,0,1,10
1363988,2,0,2,0,0,0,0,0,0,0,0,6,0,0,0
1363988,2,3,2,1,0,0,0,0,0,0,0,43,0,1,43
1363988,1,2,2,1,0,0,0,0,0,0,0,13,0,1,13
1363988,1,0,2,0,0,0,0,0,0,0,0,2,0,0,0
1363988,1,3,2,0,0,0,0,0,0,0,0,16,0,0,0
1363988,1,3,2,1,1,1,0,0,0,0,0,3,1,0,0
1363988,1,2,2,1,1,1,0,0,0,0,0,2,1,0,0
1363988,1,3,2,0,1,0,0,0,0,1,0,3,1,0,0
1363988,2,5,2,1,0,0,0,0,0,0,0,2,0,1,2
1363988,2,2,2,1,0,0,0,0,0,0,0,10,0,1,10
1363988,1,3,2,1,1,0,0,0,0,1,0,6,1,0,0
1363988,1,1,2,0,1,0,0,0,0,1,0,2,1,0,0
1363988,2,3,2,1,1,1,0,0,0,0,0,2,1,0,0
1363988,2,2,2,0,0,0,0,0,0,0,0,2,0,0,0
1363988,2,0,2,1,0,0,0,0,0,0,0,6,0,1,6
1363988,1,1,2,0,1,0,0,0,0,0,1,2,1,0,0
1363988,1,4,2,0,0,0,0,0,0,0,0,4,0,0,0
1363988,2,1,2,1,1,0,0,0,0,1,0,2,1,0,0
1399139,1,3,4,1,0,0,0,0,0,0,0,53,0,1,53
1399139,1,2,4,1,0,0,0,0,0,0,0,4,0,1,4
1399139,2,0,4,1,0,0,0,0,0,0,0,4,0,1,4
1399139,1,1,4,0,1,0,0,0,0,1,0,2,1,0,0
1399139,2,0,4,0,0,0,0,0,0,0,0,3,0,0,0
1399139,1,0,4,0,0,0,0,0,0,0,0,4,0,0,0
1399139,2,3,4,0,0,0,0,0,0,0,0,5,0,0,0
1399139,1,2,4,0,0,0,0,0,0,0,0,4,0,0,0
1399139,1,1,4,1,1,1,0,0,0,0,0,6,1,0,0
1399139,2,3,4,1,1,0,0,0,0,1,0,2,1,0,0
1399139,2,2,4,0,0,0,0,0,0,0,0,2,0,0,0
1399139,1,1,4,1,0,0,0,0,0,0,0,34,0,1,34
1399139,2,1,4,0,1,0,0,0,0,1,0,3,1,0,0
1399139,2,3,4,1,0,0,0,0,0,0,0,12,0,1,12
1399139,2,1,4,0,0,0,0,0,0,0,0,5,0,0,0
1399139,1,3,4,1,1,0,0,0,0,1,0,7,1,0,0
1399139,2,1,4,1,1,0,0,0,0,1,0,3,1,0,0
1399139,2,3,4,0,1,0,0,0,0,1,0,3,1,0,0
1399139,1,3,4,1,1,1,0,0,0,0,0,9,1,0,0
1399139,2,1,4,1,1,1,0,0,0,0,0,2,1,0,0
1399139,1,3,4,0,0,0,0,0,0,0,0,7,0,0,0
1399139,1,3,4,0,1,0,0,0,0,1,1,2,1,0,0
1399139,1,0,4,1,1,0,0,0,0,1,0,2,1,0,0
1399139,2,1,4,1,0,0,0,0,0,0,0,20,0,1,20
1399139,1,3,4,0,1,0,0,0,0,1,0,2,1,0,0
1399139,1,0,4,1,0,0,0,0,0,0,0,13,0,1,13
1399139,1,1,4,0,1,0,0,0,0,0,1,2,1,0,0
1399139,1,1,4,0,0,0,0,0,0,0,0,26,0,0,0
1503759,2,2,4,1,0,0,0,0,0,0,0,11,0,1,11
1503759,1,3,4,1,1,1,0,0,0,0,0,4,1,0,0
1503759,2,2,4,0,0,0,0,0,0,0,0,5,0,0,0
1503759,2,3,4,1,0,0,0,0,0,0,0,59,0,1,59
1503759,2,1,4,1,1,1,0,0,0,0,0,4,1,0,0
1503759,2,3,4,1,1,1,0,0,0,0,0,17,1,0,0
1503759,2,3,4,1,1,1,0,1,0,0,0,1,1,0,0
1503759,2,0,4,0,0,0,0,0,0,0,0,7,0,0,0
1503759,2,3,4,0,0,0,0,0,0,0,0,35,0,0,0
1503759,2,3,4,1,1,0,0,0,0,1,0,2,1,0,0
1503759,1,2,4,1,0,0,0,0,0,0,0,2,0,1,2
1503759,2,1,4,1,0,0,0,0,0,0,0,55,0,1,55
1503759,1,3,4,1,0,0,0,0,0,0,0,12,0,1,12
1503759,1,2,4,0,0,0,0,0,0,0,0,3,0,0,0
1503759,1,3,4,0,0,0,0,0,0,0,0,5,0,0,0
1503759,2,1,4,1,1,0,0,0,0,1,0,3,1,0,0
1503759,2,1,4,0,1,1,0,0,0,0,0,3,1,0,0
1503759,1,0,4,1,0,0,0,0,0,0,0,6,0,1,6
1503759,2,0,4,1,0,0,0,0,0,0,0,8,0,1,8
1503759,1,1,4,1,0,0,0,0,0,0,0,18,0,1,18
1503759,2,3,4,0,1,1,0,0,0,0,0,3,1,0,0
1503759,1,1,4,0,0,0,0,0,0,0,0,5,0,0,0
1503759,2,1,4,0,0,0,0,0,0,0,0,40,0,0,0
1564470,2,1,2,1,0,0,0,0,0,0,0,22,0,1,22
1564470,2,2,2,1,0,0,0,0,0,0,0,2,0,1,2
1564470,1,3,2,1,0,0,0,0,0,0,0,15,0,1,15
1564470,1,1,2,0,0,0,0,0,0,0,0,4,0,0,0
1564470,1,1,2,1,0,0,0,0,0,0,0,5,0,1,5
1564470,2,3,2,1,0,0,0,0,0,0,0,24,0,1,24
1564470,2,1,2,0,0,0,0,0,0,0,0,4,0,0,0
1564470,2,0,2,1,0,0,0,0,0,0,0,5,0,1,5
1564470,2,1,2,0,1,0,0,0,0,1,0,2,1,0,0
5001240,1,3,4,1,0,0,0,0,0,0,0,47,0,1,47
5001240,1,1,4,1,0,0,0,0,0,0,0,27,0,1,27
5001240,1,3,4,0,0,0,0,0,0,0,0,17,0,0,0
5001240,2,2,4,0,0,0,0,0,0,0,0,3,0,0,0
5001240,1,3,4,1,1,1,0,0,0,1,0,2,1,0,0
5001240,2,3,4,0,0,0,0,0,0,0,0,14,0,0,0
5001240,1,3,4,1,1,0,0,0,0,1,0,8,1,0,0
5001240,1,3,4,1,1,0,0,0,0,0,1,3,1,0,0
5001240,2,3,4,1,0,0,0,0,0,0,0,50,0,1,50
5001240,2,3,4,1,1,1,0,0,0,0,0,9,1,0,0
5001240,2,1,4,0,0,0,0,0,0,0,0,31,0,0,0
5001240,1,1,4,1,1,0,0,0,0,1,0,2,1,0,0
5001240,1,3,4,1,1,1,0,0,0,0,0,11,1,0,0
5001240,2,1,4,1,0,0,0,0,0,0,0,24,0,1,24
5001240,1,0,4,0,0,0,0,0,0,0,0,14,0,0,0
5001240,2,3,4,1,1,0,0,0,0,0,1,2,1,0,0
5001240,1,5,4,1,0,0,0,0,0,0,0,2,0,1,2
5001240,2,0,4,1,1,1,0,0,0,0,0,3,1,0,0
5001240,1,2,4,1,0,0,0,0,0,0,0,5,0,1,5
5001240,1,2,4,0,0,0,0,0,0,0,0,2,0,0,0
5001240,2,3,4,0,1,1,0,0,0,1,0,2,1,0,0
5001240,1,1,4,0,0,0,0,0,0,0,0,31,0,0,0
5001240,1,1,4,1,1,1,0,0,0,0,0,4,1,0,0
5001240,2,0,4,0,0,0,0,0,0,0,0,7,0,0,0
5001240,2,1,4,0,1,0,0,0,0,1,0,4,1,0,0
5001240,2,3,4,1,1,1,0,0,0,1,0,3,1,0,0
5001240,2,3,4,1,1,0,0,0,0,1,0,3,1,0,0
5001240,1,0,4,1,0,0,0,0,0,0,0,8,0,1,8
5001240,2,1,4,1,1,1,0,0,0,0,0,4,1,0,0
5001240,2,1,4,1,1,1,0,0,0,1,0,2,1,0,0
5001240,1,1,4,0,1,0,0,0,0,1,0,4,1,0,0
5001240,2,1,4,1,1,0,0,0,0,1,0,2,1,0,0
5001240,2,0,4,1,0,0,0,0,0,0,0,4,0,1,4
