CO_CURSO,NO_CURSO,CO_CINE_ROTULO,TP_GRAU_ACADEMICO,TP_MODALIDADE_ENSINO,TOTAL_ALUNOS
"13418","PEDAGOGIA","0113P01","2","1","1649"
"13397","CIÊNCIAS CONTÁBEIS","0411C01","1","1","1373"
"13398","DIREITO","0421D01","1","1","1089"
"1110415","DIREITO","0421D01","1","1","876"
"13424","MEDICINA","0912M01","1","1","824"
"107548","LETRAS - LÍNGUA PORTU","0115L13","2","1","763"
"13395","ADMINISTRAÇÃO","0413A01","1","1","713"
"13430","ENGENHARIA MECÂNICA","0715E02","1","1","679"
"107549","LETRAS - INGLÊS","0115L04","2","1","603"
"1127164","ENGENHARIA DE COMPUTA","0714E04","1","1","595"
"13413","PSICOLOGIA","0313P01","1","1","590"
"13429","ENGENHARIA CIVIL","0732E01","1","1","575"
"13417","SERVIÇO SOCIAL","0923S01","1","1","558"
"13421","FARMÁCIA","0916F01","1","1","557"
"122924","PEDAGOGIA - EDUCAçãO","0113E01","2","1","556"
"13401","CIÊNCIA DA COMPUTAÇÃO","0614C01","1","1","539"
"13396","BIBLIOTECONOMIA","0322B01","1","1","532"
"98976","CIÊNCIAS CONTÁBEIS","0411C01","1","1","529"
"122926","PSICOPEDAGOGIA","0111P02","1","1","525"
"113621","ARQUIVOLOGIA","0322A01","1","1","522"
"13394","CIÊNCIAS ECONÔMICAS","0311E01","1","1","519"
"13415","HISTÓRIA","0114H01","2","1","517"
"44258","ENFERMAGEM","0913E01","1","1","502"
"113709","MEDICINA VETERINÁRIA","0841M01","1","1","499"
"113609","ENGENHARIA ELÉTRICA","0713E05","1","1","470"
"13426","ODONTOLOGIA","0911O01","1","1","451"
"13399","CIÊNCIAS BIOLÓGICAS","0114B01","2","1","449"
"1127907","ALIMENTOS","0721A01","3","1","447"
"13455","ADMINISTRAÇÃO","0413A01","1","1","445"
"98984","CIÊNCIA DA COMPUTAÇÃO","0114C05","2","1","441"
"99045","MATEMÁTICA","0114M01","2","1","441"
"13402","MATEMÁTICA","0114M01","2","1","435"
"13454","AGRONOMIA","0811A04","1","1","433"
"1127039","CIÊNCIAS ATUARIAIS","0542C01","1","1","433"
"13425","NUTRIÇÃO","0915N01","1","1","429"
"109626","PEDAGOGIA","0113P01","2","1","427"
"13427","ARQUITETURA E URBANIS","0731A02","1","1","426"
"19562","TURISMO","1015T01","1","1","423"
"1127165","PRODUÇÃO SUCROALCOOLE","0721P03","3","1","414"
"98982","SECRETARIADO EXECUTIV","0415S01","1","1","407"
"122288","EDUCAÇÃO FÍSICA","0915E01","1","1","407"
"1268219","JORNALISMO","0321J01","1","1","405"
"13423","EDUCAÇÃO FÍSICA","0114E03","2","1","404"
"1126958","RELAÇÕES INTERNACIONA","0312R01","1","1","394"
"113615","ENGENHARIA AMBIENTAL","0712E01","1","1","394"
"13422","FISIOTERAPIA","0915F01","1","1","386"
"113604","ENGENHARIA QUÍMICA","0711E05","1","1","383"
"1189063","ENGENHARIA DE ENERGIA","0713E04","1","1","363"
"5001240","GASTRONOMIA","1013G01","1","1","361"
"1189062","BIOTECNOLOGIA","0512B02","1","1","352"
"1363988","GESTÃO PÚBLICA","0413G12","1","1","344"
"98980","ECOLOGIA","0521E01","1","1","327"
"1110230","CIÊNCIAS SOCIAIS","0114C03","2","1","324"
"1125641","COMUNICAÇÃO EM MÍDIAS","0211P05","1","1","323"
"116830","LETRAS - LETRAS CLáSS","0115L08","2","1","316"
"1123330","TERAPIA OCUPACIONAL","0915T01","1","1","315"
"313399","CIÊNCIAS BIOLÓGICAS","0511B01","1","1","308"
"100220","HOTELARIA","1015H01","1","1","300"
"113617","ENGENHARIA DE MATERIA","0722E01","1","1","299"
"19563","ENGENHARIA DE PRODUÇÃ","0725E02","1","1","286"
"1268257","RELAÇÕES PÚBLICAS","0414R01","1","1","286"
"1503759","CIÊNCIA DE DADOS E IN","0617C01","1","1","282"
"13428","ENGENHARIA DE ALIMENT","0721E01","1","1","272"
"122918","FONOAUDIOLOGIA","0915F02","1","1","271"
"109954","LETRAS - LÍNGUA PORTU","0115L13","2","2","261"
"13406","GEOGRAFIA","0114G01","2","1","259"
"122934","ENGENHARIA DE PRODUÇÃ","0725E02","1","1","258"
"1399139","BIOMEDICINA","0914B01","1","1","255"
"13459","CIÊNCIAS SOCIAIS","0312C02","1","1","254"
"107356","PEDAGOGIA","0113P01","2","1","253"
"13404","QUÍMICA","0114Q01","2","1","252"
"13431","QUÍMICA INDUSTRIAL","0531Q02","1","1","250"
"116826","CIÊNCIAS DAS RELIGIÕE","0114E07","2","1","246"
"97039","MÚSICA","0114M02","2","1","245"
"1440696","ADMINISTRAÇÃO","0413A01","1","1","238"
"1162838","CIÊNCIAS DAS RELIGIÕE","0221C01","1","1","237"
"13400","FÍSICA","0114F02","2","1","233"
"80589","AGROINDÚSTRIA","0811A02","1","1","233"
"107360","SISTEMAS DE INFORMAÇÃ","0615S02","1","1","232"
"1268221","RADIALISMO","0321R01","1","1","232"
"13403","ZOOTECNIA","0811Z01","1","1","230"
"5000898","LETRAS - LÍNGUA PORTU","0115L13","2","1","212"
"313406","GEOGRAFIA","0312G01","1","1","211"
"109948","MATEMÁTICA","0114M01","2","2","204"
"107348","ANTROPOLOGIA","0312A01","1","1","200"
"122928","LÍNGUAS ESTRANGEIRAS","0288P01","1","1","199"
"1126690","LETRAS - LÍNGUA PORTU","0115L18","2","2","195"
"107553","LETRAS - ESPANHOL","0115L02","2","1","188"
"313400","FÍSICA","0533F01","1","1","185"
"26564","MÚSICA","0215M01","1","1","185"
"1261910","LETRAS - INGLÊS","0115L04","2","2","183"
"13409","FILOSOFIA","0114F01","2","1","176"
"43454","ESTATÍSTICA","0542E01","1","1","172"
"107352","DESIGN","0212D02","1","1","171"
"1191007","DANÇA","0114D01","2","1","153"
"13457","CIÊNCIAS AGRÁRIAS","0114C01","2","1","144"
"1261913","LETRAS - ESPANHOL","0115L02","2","2","143"
"1167933","AGROECOLOGIA","0811A01","1","1","140"
"397767","CIÊNCIAS BIOLÓGICAS","0511B01","1","1","139"
"122930","TRADUÇÃO","0231L22","1","1","137"
"107438","ARTES VISUAIS","0114A02","2","1","131"
"109950","PEDAGOGIA","0113P01","2","2","131"
"113701","CIÊNCIAS AGRÁRIAS","0114C01","2","2","129"
"313409","FILOSOFIA","0223F01","1","1","129"
"97767","CIÊNCIAS BIOLÓGICAS","0114B01","2","1","128"
"1161324","QUÍMICA","0114Q01","2","1","120"
"107440","ARTES VISUAIS","0213A03","1","1","117"
"313404","QUÍMICA","0531Q01","1","1","113"
"113699","CIÊNCIAS BIOLÓGICAS","0114B01","2","2","112"
"5000897","QUÍMICA","0531Q01","1","1","107"
"1166771","CINEMA E AUDIOVISUAL","0211C01","1","1","96"
"107552","LETRAS - FRANCÊS","0115L03","2","1","94"
"107456","TEATRO","0114T01","2","1","94"
"407456","TEATRO","0215T01","1","1","83"
"1564470","CIÊNCIA DE DADOS PARA","0617C01","1","1","81"
"1203263","ADMINISTRAÇÃO PÚBLICA","0413A02","1","2","73"
"313402","MATEMÁTICA","0541M01","1","1","68"
"1162837","MATEMÁTICA COMPUTACIO","0541M02","1","1","39"
"1203266","COMPUTAÇÃO","0114C05","2","2","18"
"1125642","GESTÃO PÚBLICA","0413G12","3","1","7"